고객ID,법인명,통화,기준월,매출액,매출액_KRW,거래건수,표준지급조건_일
OC001,미국법인,USD,2025-01,101810.47,140498448,2,45
OC001,미국법인,USD,2025-03,156365.31,215784127,2,45
OC001,미국법인,USD,2025-04,107535.7,148399266,1,45
OC001,미국법인,USD,2025-05,82909.99,114415786,1,45
OC001,미국법인,USD,2025-06,133379.2,184063296,3,45
OC001,미국법인,USD,2025-07,92626.28,127824266,1,45
OC001,미국법인,USD,2025-08,114740.41,158341765,2,45
OC002,싱가포르법인,SGD,2025-03,75015.12000000001,76515422,2,60
OC002,싱가포르법인,SGD,2025-04,106827.79000000001,108964346,2,60
OC002,싱가포르법인,SGD,2025-07,78486.9,80056638,1,60
OC002,싱가포르법인,SGD,2025-08,111727.53,113962081,1,60
OC003,싱가포르법인,SGD,2025-01,9295.15,9481053,1,45
OC003,싱가포르법인,SGD,2025-02,77999.72,79559714,1,45
OC003,싱가포르법인,SGD,2025-05,96418.44,98346809,3,45
OC003,싱가포르법인,SGD,2025-06,178936.35,182515077,2,45
OC003,싱가포르법인,SGD,2025-07,11644.29,11877176,1,45
OC003,싱가포르법인,SGD,2025-08,166066.78,169388116,2,45
OC004,중국법인,CNY,2025-01,6432921.0,1222254990,4,30
OC004,중국법인,CNY,2025-02,1079522.0,205109180,1,30
OC004,중국법인,CNY,2025-03,5128295.0,974376050,2,30
OC004,중국법인,CNY,2025-05,1848923.0,351295370,2,30
OC004,중국법인,CNY,2025-06,286098.0,54358620,1,30
OC004,중국법인,CNY,2025-07,3557354.0,675897260,2,30
OC005,중국법인,CNY,2025-02,2620215.0,497840850,2,60
OC005,중국법인,CNY,2025-04,1536662.0,291965780,2,60
OC005,중국법인,CNY,2025-05,2909914.0,552883660,2,60
OC005,중국법인,CNY,2025-06,2092880.0,397647200,1,60
OC005,중국법인,CNY,2025-07,1912778.0,363427820,1,60
OC006,독일법인,EUR,2025-01,183690.57,275535855,2,60
OC006,독일법인,EUR,2025-02,55283.75,82925625,1,60
OC006,독일법인,EUR,2025-03,83245.41,124868115,1,60
OC006,독일법인,EUR,2025-04,103822.69,155734035,2,60
OC006,독일법인,EUR,2025-08,7517.17,11275755,1,60
OC007,베트남법인,VND,2025-01,2497415.0,139855,4,30
OC007,베트남법인,VND,2025-03,722901.0,40482,1,30
OC007,베트남법인,VND,2025-04,1818015.0,101809,1,30
OC007,베트남법인,VND,2025-07,2602475.0,145739,2,30
OC007,베트남법인,VND,2025-08,4159911.0,232955,2,30
OC008,중국법인,CNY,2025-01,3838554.0,729325260,3,45
OC008,중국법인,CNY,2025-03,170849.0,32461310,1,45
OC008,중국법인,CNY,2025-04,2165823.0,411506370,1,45
OC008,중국법인,CNY,2025-07,1288565.0,244827350,1,45
OC008,중국법인,CNY,2025-08,3213748.0,610612120,2,45
OC009,싱가포르법인,SGD,2025-01,199638.37,203631138,2,60
OC009,싱가포르법인,SGD,2025-02,256338.64,261465413,3,60
OC009,싱가포르법인,SGD,2025-07,36382.69,37110343,2,60
OC010,싱가포르법인,SGD,2025-01,20134.17,20536853,1,45
OC010,싱가포르법인,SGD,2025-02,88549.78,90320775,3,45
OC010,싱가포르법인,SGD,2025-04,87234.61,88979302,2,45
OC010,싱가포르법인,SGD,2025-05,107612.93,109765189,1,45
OC010,싱가포르법인,SGD,2025-07,251976.69,257016224,3,45
OC011,중국법인,CNY,2025-01,109833.0,20868270,1,60
OC011,중국법인,CNY,2025-02,1590157.0,302129830,1,60
OC011,중국법인,CNY,2025-03,1804444.0,342844360,1,60
OC011,중국법인,CNY,2025-04,2329798.0,442661620,1,60
OC011,중국법인,CNY,2025-05,2468489.0,469012910,1,60
OC011,중국법인,CNY,2025-06,2870868.0,545464920,2,60
OC011,중국법인,CNY,2025-07,2630089.0,499716910,1,60
OC011,중국법인,CNY,2025-08,1328767.0,252465730,1,60
OC012,싱가포르법인,SGD,2025-01,140643.2,143456064,2,60
OC012,싱가포르법인,SGD,2025-03,166967.14,170306483,3,60
OC012,싱가포르법인,SGD,2025-06,94595.78,96487696,2,60
OC012,싱가포르법인,SGD,2025-07,67660.36,69013567,1,60
OC012,싱가포르법인,SGD,2025-08,182649.47,186302459,2,60
OC013,미국법인,USD,2025-02,148801.37,205345891,2,90
OC013,미국법인,USD,2025-03,288901.83999999997,398684539,5,90
OC013,미국법인,USD,2025-04,61738.04,85198495,1,90
OC013,미국법인,USD,2025-05,109107.93,150568943,1,90
OC013,미국법인,USD,2025-06,93225.06,128650583,1,90
OC013,미국법인,USD,2025-07,60869.61,84000062,2,90
OC014,베트남법인,VND,2025-01,3643184.0,204018,2,60
OC014,베트남법인,VND,2025-03,2651928.0,148508,1,60
OC014,베트남법인,VND,2025-04,6242614.0,349587,3,60
OC014,베트남법인,VND,2025-06,2012744.0,112714,1,60
OC014,베트남법인,VND,2025-07,2876294.0,161072,1,60
OC014,베트남법인,VND,2025-08,2768713.0,155048,1,60
OC015,미국법인,USD,2025-01,97925.74,135137521,1,90
OC015,미국법인,USD,2025-02,168780.77000000002,232917462,3,90
OC015,미국법인,USD,2025-03,6835.74,9433321,1,90
OC015,미국법인,USD,2025-05,76646.4,105772032,1,90
OC015,미국법인,USD,2025-06,104650.11,144417152,1,90
OC015,미국법인,USD,2025-07,137869.59999999998,190260048,3,90
OC015,미국법인,USD,2025-08,22537.04,31101115,1,90
OC016,독일법인,EUR,2025-01,11294.89,16942335,1,60
OC016,독일법인,EUR,2025-02,149586.66,224379990,4,60
OC016,독일법인,EUR,2025-03,106887.58,160331370,1,60
OC016,독일법인,EUR,2025-04,34877.81,52316715,1,60
OC016,독일법인,EUR,2025-05,14554.04,21831060,1,60
OC016,독일법인,EUR,2025-06,185084.41,277626615,2,60
OC016,독일법인,EUR,2025-07,57943.899999999994,86915850,2,60
OC016,독일법인,EUR,2025-08,10250.83,15376245,1,60
OC017,중국법인,CNY,2025-01,1565164.0,297381160,1,90
OC017,중국법인,CNY,2025-02,3842732.0,730119080,2,90
OC017,중국법인,CNY,2025-03,466571.0,88648490,1,90
OC017,중국법인,CNY,2025-07,310967.0,59083730,1,90
OC017,중국법인,CNY,2025-08,2577396.0,489705240,1,90
OC018,싱가포르법인,SGD,2025-02,61367.49,62594840,1,90
OC018,싱가포르법인,SGD,2025-03,204923.86,209022338,2,90
OC018,싱가포르법인,SGD,2025-04,107322.05,109468491,1,90
OC018,싱가포르법인,SGD,2025-05,252601.34,257653367,4,90
OC018,싱가포르법인,SGD,2025-06,119133.03,121515691,1,90
OC019,독일법인,EUR,2025-01,162788.8,244183200,2,90
OC019,독일법인,EUR,2025-02,209246.87,313870305,3,90
OC019,독일법인,EUR,2025-03,13235.67,19853505,1,90
OC019,독일법인,EUR,2025-04,16265.49,24398235,1,90
OC019,독일법인,EUR,2025-05,168954.0,253431000,3,90
OC019,독일법인,EUR,2025-07,119986.27,179979405,2,90
OC019,독일법인,EUR,2025-08,34891.66,52337490,1,90
OC020,독일법인,EUR,2025-01,121166.87,181750305,2,60
OC020,독일법인,EUR,2025-04,8167.51,12251265,1,60
OC020,독일법인,EUR,2025-05,57113.33,85669995,1,60
OC020,독일법인,EUR,2025-06,8731.89,13097835,1,60
OC020,독일법인,EUR,2025-08,28615.38,42923070,1,60
OC021,베트남법인,VND,2025-01,3469871.0,194312,2,45
OC021,베트남법인,VND,2025-03,1910814.0,107006,2,45
OC021,베트남법인,VND,2025-04,6188154.0,346537,3,45
OC021,베트남법인,VND,2025-05,3909860.0,218952,3,45
OC021,베트남법인,VND,2025-06,1955417.0,109503,1,45
OC021,베트남법인,VND,2025-07,2974564.0,166576,1,45
OC021,베트남법인,VND,2025-08,91574.0,5128,1,45
OC022,싱가포르법인,SGD,2025-01,68647.32,70020266,1,30
OC022,싱가포르법인,SGD,2025-02,18851.24,19228265,1,30
OC022,싱가포르법인,SGD,2025-03,236223.68,240948153,3,30
OC022,싱가포르법인,SGD,2025-04,116463.11,118792373,2,30
OC022,싱가포르법인,SGD,2025-05,30462.35,31071597,1,30
OC022,싱가포르법인,SGD,2025-06,203062.04,207123280,3,30
OC023,중국법인,CNY,2025-01,2269045.0,431118550,1,90
OC023,중국법인,CNY,2025-02,2643037.0,502177030,2,90
OC023,중국법인,CNY,2025-03,4219572.0,801718680,2,90
OC023,중국법인,CNY,2025-06,1098626.0,208738940,1,90
OC023,중국법인,CNY,2025-07,2103183.0,399604770,1,90
OC024,미국법인,USD,2025-01,27959.56,38584193,1,90
OC024,미국법인,USD,2025-03,91067.77,125673522,3,90
OC024,미국법인,USD,2025-05,67163.84,92686099,2,90
OC024,미국법인,USD,2025-06,152053.36,209833636,2,90
OC024,미국법인,USD,2025-07,65336.57,90164467,1,90
OC024,미국법인,USD,2025-08,76556.0,105647280,1,90
OC025,싱가포르법인,SGD,2025-01,175875.54,179393051,2,60
OC025,싱가포르법인,SGD,2025-02,196504.26,200434345,3,60
OC025,싱가포르법인,SGD,2025-03,198090.2,202052004,4,60
OC025,싱가포르법인,SGD,2025-06,181894.78,185532675,2,60
OC025,싱가포르법인,SGD,2025-08,104683.3,106776966,1,60
OC026,싱가포르법인,SGD,2025-02,71489.40000000001,72919188,2,60
OC026,싱가포르법인,SGD,2025-03,355015.46,362115769,4,60
OC026,싱가포르법인,SGD,2025-04,22955.12,23414222,1,60
OC026,싱가포르법인,SGD,2025-05,140593.36,143405227,2,60
OC026,싱가포르법인,SGD,2025-06,91738.57,93573342,2,60
OC026,싱가포르법인,SGD,2025-07,217420.83,221769247,2,60
OC026,싱가포르법인,SGD,2025-08,86671.13,88404553,1,60
OC027,독일법인,EUR,2025-01,72423.81,108635715,1,30
OC027,독일법인,EUR,2025-02,12063.06,18094590,1,30
OC027,독일법인,EUR,2025-04,93006.15,139509225,2,30
OC027,독일법인,EUR,2025-05,151988.81,227983215,3,30
OC027,독일법인,EUR,2025-07,171091.82,256637730,2,30
OC028,중국법인,CNY,2025-01,3522908.0,669352520,2,45
OC028,중국법인,CNY,2025-02,1354958.0,257442020,1,45
OC028,중국법인,CNY,2025-03,1345611.0,255666090,1,45
OC028,중국법인,CNY,2025-05,4525280.0,859803200,3,45
OC028,중국법인,CNY,2025-06,388215.0,73760850,1,45
OC028,중국법인,CNY,2025-07,5515761.0,1047994590,4,45
OC028,중국법인,CNY,2025-08,2415022.0,458854180,1,45
OC029,미국법인,USD,2025-01,189967.27000000002,262154833,3,45
OC029,미국법인,USD,2025-03,150445.51,207614804,3,45
OC029,미국법인,USD,2025-05,133230.5,183858090,2,45
OC029,미국법인,USD,2025-06,68592.91,94658216,1,45
OC029,미국법인,USD,2025-07,176354.11,243368672,2,45
OC029,미국법인,USD,2025-08,118545.65,163592997,1,45
OC030,미국법인,USD,2025-03,139837.33000000002,192975515,2,45
OC030,미국법인,USD,2025-04,84344.43,116395313,1,45
OC030,미국법인,USD,2025-05,211827.99,292322626,2,45
OC030,미국법인,USD,2025-06,165435.76,228301349,2,45
OC030,미국법인,USD,2025-07,54516.07,75232177,1,45
OC030,미국법인,USD,2025-08,30634.09,42275044,1,45
OC031,독일법인,EUR,2025-01,283426.08999999997,425139135,3,60
OC031,독일법인,EUR,2025-02,161361.66999999998,242042505,3,60
OC031,독일법인,EUR,2025-04,70798.68,106198020,1,60
OC031,독일법인,EUR,2025-05,27316.69,40975035,1,60
OC031,독일법인,EUR,2025-07,219653.42,329480130,4,60
OC031,독일법인,EUR,2025-08,65913.53,98870295,2,60
OC032,싱가포르법인,SGD,2025-03,46635.22,47567924,1,45
OC032,싱가포르법인,SGD,2025-04,76034.4,77555088,2,45
OC032,싱가포르법인,SGD,2025-05,169666.68,173060013,2,45
OC032,싱가포르법인,SGD,2025-07,259366.57,264553901,4,45
OC033,중국법인,CNY,2025-01,1364203.0,259198570,1,60
OC033,중국법인,CNY,2025-04,3065022.0,582354180,2,60
OC033,중국법인,CNY,2025-05,9394377.0,1784931630,5,60
OC033,중국법인,CNY,2025-06,1307400.0,248406000,1,60
OC033,중국법인,CNY,2025-07,6261848.0,1189751120,3,60
OC034,싱가포르법인,SGD,2025-01,139146.77000000002,141929706,2,30
OC034,싱가포르법인,SGD,2025-02,59359.55,60546741,1,30
OC034,싱가포르법인,SGD,2025-03,128567.51,131138860,2,30
OC034,싱가포르법인,SGD,2025-04,179340.16,182926963,3,30
OC034,싱가포르법인,SGD,2025-05,56468.37,57597737,1,30
OC034,싱가포르법인,SGD,2025-07,11636.9,11869638,1,30
OC034,싱가포르법인,SGD,2025-08,19527.28,19917826,1,30
OC035,미국법인,USD,2025-01,152943.35,211061823,3,45
OC035,미국법인,USD,2025-02,21777.38,30052784,1,45
OC035,미국법인,USD,2025-03,93040.25,128395545,3,45
OC035,미국법인,USD,2025-05,71563.53,98757671,1,45
OC035,미국법인,USD,2025-06,75821.63,104633849,1,45
OC035,미국법인,USD,2025-07,185883.41,256519106,2,45
OC035,미국법인,USD,2025-08,174566.45,240901701,2,45
OC036,독일법인,EUR,2025-01,141617.42,212426130,2,45
OC036,독일법인,EUR,2025-02,60337.82,90506730,1,45
OC036,독일법인,EUR,2025-05,70059.08,105088620,1,45
OC036,독일법인,EUR,2025-06,11470.77,17206155,1,45
OC036,독일법인,EUR,2025-07,160540.52,240810780,2,45
OC036,독일법인,EUR,2025-08,94419.1,141628650,1,45
OC037,중국법인,CNY,2025-02,2010754.0,382043260,1,60
OC037,중국법인,CNY,2025-04,4461132.0,847615080,4,60
OC037,중국법인,CNY,2025-05,2760414.0,524478660,2,60
OC038,베트남법인,VND,2025-01,833774.0,46691,1,60
OC038,베트남법인,VND,2025-02,1971554.0,110407,2,60
OC038,베트남법인,VND,2025-04,2726751.0,152697,3,60
OC038,베트남법인,VND,2025-05,2117262.0,118567,2,60
OC038,베트남법인,VND,2025-06,2183181.0,122258,1,60
OC038,베트남법인,VND,2025-07,4315584.0,241673,2,60
OC038,베트남법인,VND,2025-08,991674.0,55534,1,60
OC039,싱가포르법인,SGD,2025-01,143328.24,146194805,2,90
OC039,싱가포르법인,SGD,2025-02,157480.05,160629650,3,90
OC039,싱가포르법인,SGD,2025-03,113802.26,116078305,1,90
OC039,싱가포르법인,SGD,2025-04,42683.41,43537078,1,90
OC039,싱가포르법인,SGD,2025-05,26890.91,27428728,2,90
OC039,싱가포르법인,SGD,2025-07,172382.28,175829926,3,90
OC040,중국법인,CNY,2025-01,3673718.0,698006420,2,60
OC040,중국법인,CNY,2025-02,708528.0,134620320,1,60
OC040,중국법인,CNY,2025-03,1902607.0,361495330,1,60
OC040,중국법인,CNY,2025-05,2721662.0,517115780,1,60
OC040,중국법인,CNY,2025-07,323284.0,61423960,1,60
OC041,싱가포르법인,SGD,2025-01,37173.78,37917256,1,30
OC041,싱가포르법인,SGD,2025-02,25962.65,26481903,1,30
OC041,싱가포르법인,SGD,2025-04,117184.92,119528618,1,30
OC041,싱가포르법인,SGD,2025-05,243939.87,248818667,3,30
OC041,싱가포르법인,SGD,2025-07,34506.88,35197018,1,30
OC041,싱가포르법인,SGD,2025-08,81693.91,83327788,1,30
OC042,중국법인,CNY,2025-01,608623.0,115638370,1,45
OC042,중국법인,CNY,2025-02,2291046.0,435298740,1,45
OC042,중국법인,CNY,2025-03,2924569.0,555668110,3,45
OC042,중국법인,CNY,2025-04,5866911.0,1114713090,3,45
OC042,중국법인,CNY,2025-05,955451.0,181535690,2,45
OC042,중국법인,CNY,2025-06,278635.0,52940650,1,45
OC042,중국법인,CNY,2025-07,1969316.0,374170040,1,45
OC042,중국법인,CNY,2025-08,2926748.0,556082120,2,45
OC043,싱가포르법인,SGD,2025-01,21634.68,22067374,1,60
OC043,싱가포르법인,SGD,2025-02,114827.47,117124019,2,60
OC043,싱가포르법인,SGD,2025-03,145239.89,148144687,2,60
OC043,싱가포르법인,SGD,2025-05,147211.0,150155220,2,60
OC043,싱가포르법인,SGD,2025-06,167294.97,170640869,2,60
OC043,싱가포르법인,SGD,2025-07,58516.34,59686667,1,60
OC043,싱가포르법인,SGD,2025-08,161270.81,164496226,2,60
OC044,싱가포르법인,SGD,2025-01,73544.67,75015563,1,90
OC044,싱가포르법인,SGD,2025-02,36123.17,36845633,1,90
OC044,싱가포르법인,SGD,2025-04,22022.36,22462807,1,90
OC044,싱가포르법인,SGD,2025-06,145753.32,148668386,2,90
OC044,싱가포르법인,SGD,2025-07,182940.81,186599626,2,90
OC044,싱가포르법인,SGD,2025-08,166766.33000000002,170101657,2,90
OC045,중국법인,CNY,2025-01,1019684.0,193739960,1,30
OC045,중국법인,CNY,2025-02,7181343.0,1364455170,5,30
OC045,중국법인,CNY,2025-03,534612.0,101576280,1,30
OC045,중국법인,CNY,2025-05,3808605.0,723634950,3,30
OC045,중국법인,CNY,2025-06,2145466.0,407638540,3,30
OC045,중국법인,CNY,2025-07,684511.0,130057090,1,30
OC046,싱가포르법인,SGD,2025-01,74812.52,76308770,1,60
OC046,싱가포르법인,SGD,2025-02,116950.75,119289765,1,60
OC046,싱가포르법인,SGD,2025-03,207556.52000000002,211707650,3,60
OC046,싱가포르법인,SGD,2025-04,85819.06,87535441,1,60
OC046,싱가포르법인,SGD,2025-05,109594.55,111786441,1,60
OC047,독일법인,EUR,2025-01,39768.75,59653125,1,60
OC047,독일법인,EUR,2025-02,20858.79,31288185,1,60
OC047,독일법인,EUR,2025-03,220845.51,331268265,2,60
OC047,독일법인,EUR,2025-04,136446.94,204670410,2,60
OC047,독일법인,EUR,2025-05,279404.04,419106060,5,60
OC047,독일법인,EUR,2025-06,202917.09,304375635,2,60
OC047,독일법인,EUR,2025-08,53761.24,80641860,1,60
OC048,독일법인,EUR,2025-02,97163.39000000001,145745085,2,45
OC048,독일법인,EUR,2025-03,109585.15,164377725,2,45
OC048,독일법인,EUR,2025-04,66335.61,99503415,1,45
OC048,독일법인,EUR,2025-06,179867.75,269801625,2,45
OC048,독일법인,EUR,2025-07,62702.17,94053255,1,45
OC049,미국법인,USD,2025-01,96490.04,133156255,1,60
OC049,미국법인,USD,2025-03,229305.75,316441934,3,60
OC049,미국법인,USD,2025-04,39544.92,54571989,2,60
OC049,미국법인,USD,2025-05,8715.36,12027197,1,60
OC049,미국법인,USD,2025-06,27324.46,37707755,1,60
OC049,미국법인,USD,2025-07,222977.07,307708357,3,60
OC050,중국법인,CNY,2025-01,873140.0,165896600,1,30
OC050,중국법인,CNY,2025-03,2793570.0,530778300,2,30
OC050,중국법인,CNY,2025-04,3085952.0,586330880,2,30
OC050,중국법인,CNY,2025-05,986359.0,187408210,1,30
OC050,중국법인,CNY,2025-06,4207523.0,799429370,2,30
OC050,중국법인,CNY,2025-07,1946841.0,369899790,1,30
OC050,중국법인,CNY,2025-08,2508922.0,476695180,2,30
OC051,중국법인,CNY,2025-01,2034571.0,386568490,1,90
OC051,중국법인,CNY,2025-02,2149962.0,408492780,3,90
OC051,중국법인,CNY,2025-04,9699860.0,1842973400,5,90
OC051,중국법인,CNY,2025-05,2472819.0,469835610,2,90
OC051,중국법인,CNY,2025-07,3391307.0,644348330,2,90
OC052,싱가포르법인,SGD,2025-01,246136.38,251059108,3,45
OC052,싱가포르법인,SGD,2025-03,44151.95,45034989,2,45
OC052,싱가포르법인,SGD,2025-05,57454.37,58603458,2,45
OC052,싱가포르법인,SGD,2025-06,252461.47,257510699,3,45
OC052,싱가포르법인,SGD,2025-08,221176.47,225599999,3,45
OC053,미국법인,USD,2025-01,152325.71000000002,210209480,2,45
OC053,미국법인,USD,2025-02,346874.65,478687017,4,45
OC053,미국법인,USD,2025-03,79775.36,110089997,2,45
OC053,미국법인,USD,2025-04,6858.07,9464137,1,45
OC053,미국법인,USD,2025-06,46639.82,64362952,1,45
OC053,미국법인,USD,2025-08,56354.14,77768713,1,45
OC054,독일법인,EUR,2025-01,162769.28,244153920,2,60
OC054,독일법인,EUR,2025-02,91434.95,137152425,1,60
OC054,독일법인,EUR,2025-03,9679.41,14519115,1,60
OC054,독일법인,EUR,2025-05,103935.91,155903865,1,60
OC054,독일법인,EUR,2025-06,109300.82,163951230,1,60
OC054,독일법인,EUR,2025-07,71327.02,106990530,1,60
OC055,미국법인,USD,2025-01,103141.1,142334718,2,90
OC055,미국법인,USD,2025-03,77325.12,106708666,1,90
OC055,미국법인,USD,2025-04,14298.64,19732123,1,90
OC055,미국법인,USD,2025-05,79860.58,110207600,1,90
OC055,미국법인,USD,2025-06,177843.43,245423934,2,90
OC055,미국법인,USD,2025-07,50963.93,70330223,1,90
OC055,미국법인,USD,2025-08,58703.78,81011216,1,90
OC056,싱가포르법인,SGD,2025-02,82815.12,84471422,1,60
OC056,싱가포르법인,SGD,2025-03,95963.4,97882668,1,60
OC056,싱가포르법인,SGD,2025-04,59022.06,60202501,1,60
OC056,싱가포르법인,SGD,2025-05,166909.46,170247649,2,60
OC056,싱가포르법인,SGD,2025-08,225734.94,230249639,3,60
OC057,싱가포르법인,SGD,2025-01,186205.68,189929794,3,90
OC057,싱가포르법인,SGD,2025-02,173965.72,177445034,2,90
OC057,싱가포르법인,SGD,2025-03,71912.81,73351066,2,90
OC057,싱가포르법인,SGD,2025-04,117280.01000000001,119625610,2,90
OC057,싱가포르법인,SGD,2025-06,46722.3,47656746,1,90
OC057,싱가포르법인,SGD,2025-07,103689.28,105763066,1,90
OC058,미국법인,USD,2025-01,83473.92,115194010,1,30
OC058,미국법인,USD,2025-02,35927.52,49579978,1,30
OC058,미국법인,USD,2025-03,216880.34,299294868,3,30
OC058,미국법인,USD,2025-04,126740.84,174902359,2,30
OC058,미국법인,USD,2025-05,252570.99,348547965,3,30
OC058,미국법인,USD,2025-06,144050.47,198789649,2,30
OC059,싱가포르법인,SGD,2025-03,188447.85,192216807,3,45
OC059,싱가포르법인,SGD,2025-04,42752.85,43607907,1,45
OC059,싱가포르법인,SGD,2025-05,112031.92,114272558,1,45
OC059,싱가포르법인,SGD,2025-07,9329.67,9516263,1,45
OC060,중국법인,CNY,2025-03,3655661.0,694575590,3,60
OC060,중국법인,CNY,2025-05,1338477.0,254310630,1,60
OC060,중국법인,CNY,2025-06,5421430.0,1030071700,4,60
OC060,중국법인,CNY,2025-07,3825259.0,726799210,2,60
OC060,중국법인,CNY,2025-08,2241909.0,425962710,1,60
OC061,독일법인,EUR,2025-02,24228.73,36343095,1,45
OC061,독일법인,EUR,2025-03,137819.43,206729145,2,45
OC061,독일법인,EUR,2025-04,155866.88,233800320,2,45
OC061,독일법인,EUR,2025-05,250758.77,376138155,4,45
OC061,독일법인,EUR,2025-07,55415.21,83122815,1,45
OC061,독일법인,EUR,2025-08,119509.93,179264895,1,45
OC062,베트남법인,VND,2025-02,911964.0,51070,2,60
OC062,베트남법인,VND,2025-03,721770.0,40419,1,60
OC062,베트남법인,VND,2025-05,4589021.0,256985,4,60
OC062,베트남법인,VND,2025-06,4480581.0,250913,5,60
OC063,중국법인,CNY,2025-01,371256.0,70538640,1,90
OC063,중국법인,CNY,2025-02,2219362.0,421678780,3,90
OC063,중국법인,CNY,2025-04,2975321.0,565310990,1,90
OC063,중국법인,CNY,2025-05,2603375.0,494641250,1,90
OC063,중국법인,CNY,2025-07,1847934.0,351107460,1,90
OC063,중국법인,CNY,2025-08,186735.0,35479650,1,90
OC064,싱가포르법인,SGD,2025-01,85664.3,87377586,2,30
OC064,싱가포르법인,SGD,2025-02,283773.77,289449246,4,30
OC064,싱가포르법인,SGD,2025-03,233872.61000000002,238550062,3,30
OC064,싱가포르법인,SGD,2025-04,247835.66,252792373,3,30
OC064,싱가포르법인,SGD,2025-06,57300.92,58446938,1,30
OC064,싱가포르법인,SGD,2025-07,69119.91,70502308,1,30
OC065,베트남법인,VND,2025-02,808394.0,45270,1,60
OC065,베트남법인,VND,2025-03,10160894.0,569010,5,60
OC065,베트남법인,VND,2025-05,114294.0,6400,1,60
OC065,베트남법인,VND,2025-06,5904977.0,330679,3,60
OC065,베트남법인,VND,2025-07,2767009.0,154953,1,60
OC066,싱가포르법인,SGD,2025-02,123432.34000000001,125900987,2,45
OC066,싱가포르법인,SGD,2025-03,157353.37,160500437,2,45
OC066,싱가포르법인,SGD,2025-04,202078.73,206120305,3,45
OC066,싱가포르법인,SGD,2025-05,33366.78,34034116,2,45
OC066,싱가포르법인,SGD,2025-06,150347.25,153354195,2,45
OC066,싱가포르법인,SGD,2025-07,10187.82,10391576,1,45
OC066,싱가포르법인,SGD,2025-08,65202.73,66506785,1,45
OC067,싱가포르법인,SGD,2025-01,282216.1,287860422,3,60
OC067,싱가포르법인,SGD,2025-02,94868.06,96765421,1,60
OC067,싱가포르법인,SGD,2025-04,124706.19,127200314,2,60
OC067,싱가포르법인,SGD,2025-06,9521.14,9711563,1,60
OC067,싱가포르법인,SGD,2025-07,89227.1,91011642,1,60
OC068,미국법인,USD,2025-01,55351.25,76384725,1,30
OC068,미국법인,USD,2025-02,7684.33,10604375,1,30
OC068,미국법인,USD,2025-04,157273.36,217037237,3,30
OC068,미국법인,USD,2025-05,302577.47,417556908,4,30
OC068,미국법인,USD,2025-08,17637.83,24340205,1,30
OC069,중국법인,CNY,2025-01,3532442.0,671163980,2,60
OC069,중국법인,CNY,2025-02,2758015.0,524022850,1,60
OC069,중국법인,CNY,2025-04,3616959.0,687222210,2,60
OC069,중국법인,CNY,2025-07,3906183.0,742174770,2,60
OC069,중국법인,CNY,2025-08,1278984.0,243006960,1,60
OC070,베트남법인,VND,2025-01,2317157.0,129761,1,45
OC070,베트남법인,VND,2025-02,5109310.0,286122,3,45
OC070,베트남법인,VND,2025-03,449246.0,25158,1,45
OC070,베트남법인,VND,2025-07,1557306.0,87209,1,45
OC070,베트남법인,VND,2025-08,335644.0,18796,1,45
OC071,베트남법인,VND,2025-01,4796010.0,268577,2,90
OC071,베트남법인,VND,2025-02,1483463.0,83074,1,90
OC071,베트남법인,VND,2025-03,1417313.0,79370,1,90
OC071,베트남법인,VND,2025-04,3308586.0,185281,2,90
OC071,베트남법인,VND,2025-05,1807872.0,101241,1,90
OC071,베트남법인,VND,2025-06,2968949.0,166261,1,90
OC071,베트남법인,VND,2025-08,398251.0,22302,1,90
OC072,중국법인,CNY,2025-01,3100784.0,589148960,2,30
OC072,중국법인,CNY,2025-02,213273.0,40521870,1,30
OC072,중국법인,CNY,2025-03,5612394.0,1066354860,4,30
OC072,중국법인,CNY,2025-04,1540978.0,292785820,1,30
OC072,중국법인,CNY,2025-05,1270697.0,241432430,1,30
OC072,중국법인,CNY,2025-07,5612958.0,1066462020,4,30
OC072,중국법인,CNY,2025-08,758497.0,144114430,1,30
OC073,베트남법인,VND,2025-02,1199215.0,67156,1,45
OC073,베트남법인,VND,2025-03,278156.0,15577,1,45
OC073,베트남법인,VND,2025-04,5214171.0,291994,2,45
OC073,베트남법인,VND,2025-05,1541560.0,86327,1,45
OC073,베트남법인,VND,2025-06,2587621.0,144907,2,45
OC073,베트남법인,VND,2025-07,2113207.0,118340,1,45
OC073,베트남법인,VND,2025-08,2655218.0,148692,1,45
OC074,베트남법인,VND,2025-01,2627280.0,147128,2,60
OC074,베트남법인,VND,2025-02,1331699.0,74575,1,60
OC074,베트남법인,VND,2025-04,1682555.0,94223,1,60
OC074,베트남법인,VND,2025-05,3689840.0,206631,2,60
OC074,베트남법인,VND,2025-07,2209755.0,123746,1,60
OC074,베트남법인,VND,2025-08,805388.0,45102,1,60
OC075,베트남법인,VND,2025-02,6303251.0,352982,3,30
OC075,베트남법인,VND,2025-03,101028.0,5658,1,30
OC075,베트남법인,VND,2025-04,1107308.0,62009,1,30
OC075,베트남법인,VND,2025-05,4490775.0,251483,2,30
OC075,베트남법인,VND,2025-06,5764982.0,322839,4,30
OC075,베트남법인,VND,2025-07,3756813.0,210382,3,30
OC076,독일법인,EUR,2025-01,102272.33,153408495,2,90
OC076,독일법인,EUR,2025-02,272317.93,408476895,3,90
OC076,독일법인,EUR,2025-03,159730.77000000002,239596155,3,90
OC076,독일법인,EUR,2025-04,155372.68,233059020,2,90
OC076,독일법인,EUR,2025-05,83770.12,125655180,1,90
OC076,독일법인,EUR,2025-06,28121.53,42182295,1,90
OC076,독일법인,EUR,2025-07,45857.16,68785740,1,90
OC076,독일법인,EUR,2025-08,78065.88,117098820,1,90
OC077,미국법인,USD,2025-01,63136.11,87127832,1,90
OC077,미국법인,USD,2025-02,331755.18,457822149,5,90
OC077,미국법인,USD,2025-04,48366.67,66746005,2,90
OC077,미국법인,USD,2025-05,291165.07,401807797,3,90
OC077,미국법인,USD,2025-06,151012.71,208397539,3,90
OC078,싱가포르법인,SGD,2025-01,75063.29,76564556,1,60
OC078,싱가포르법인,SGD,2025-02,166552.0,169883040,2,60
OC078,싱가포르법인,SGD,2025-03,116034.76,118355455,1,60
OC078,싱가포르법인,SGD,2025-04,62013.46000000001,63253729,2,60
OC078,싱가포르법인,SGD,2025-05,73575.25,75046755,1,60
OC078,싱가포르법인,SGD,2025-07,67494.51000000001,68844401,2,60
OC078,싱가포르법인,SGD,2025-08,16495.34,16825247,1,60
OC079,미국법인,USD,2025-01,63942.12,88240126,1,30
OC079,미국법인,USD,2025-02,99380.94,137145697,1,30
OC079,미국법인,USD,2025-03,25420.94,35080897,1,30
OC079,미국법인,USD,2025-04,219435.96,302821625,3,30
OC079,미국법인,USD,2025-05,127271.73,175634987,2,30
OC079,미국법인,USD,2025-06,91622.56,126439133,2,30
OC079,미국법인,USD,2025-07,40680.32,56138842,1,30
OC079,미국법인,USD,2025-08,165091.21,227825870,2,30
OC080,독일법인,EUR,2025-01,24841.62,37262430,1,90
OC080,독일법인,EUR,2025-02,47566.27,71349405,1,90
OC080,독일법인,EUR,2025-03,72467.65,108701475,1,90
OC080,독일법인,EUR,2025-04,15066.82,22600230,1,90
OC080,독일법인,EUR,2025-06,67626.07,101439105,1,90
OC080,독일법인,EUR,2025-07,33854.68,50782020,1,90
OC080,독일법인,EUR,2025-08,42572.07,63858105,1,90
OC081,싱가포르법인,SGD,2025-02,19850.49,20247500,1,45
OC081,싱가포르법인,SGD,2025-03,99331.6,101318232,1,45
OC081,싱가포르법인,SGD,2025-04,187100.26,190842266,3,45
OC081,싱가포르법인,SGD,2025-06,213870.91999999998,218148339,5,45
OC081,싱가포르법인,SGD,2025-07,231465.03,236094330,2,45
OC081,싱가포르법인,SGD,2025-08,140255.03,143060131,2,45
OC082,미국법인,USD,2025-01,143127.93,197516543,2,45
OC082,미국법인,USD,2025-04,25897.71,35738840,2,45
OC082,미국법인,USD,2025-05,30928.399999999998,42681192,2,45
OC082,미국법인,USD,2025-06,39582.87,54624361,1,45
OC082,미국법인,USD,2025-08,26358.03,36374081,1,45
OC083,미국법인,USD,2025-02,33535.07,46278397,2,60
OC083,미국법인,USD,2025-03,138805.06,191550982,2,60
OC083,미국법인,USD,2025-04,41890.76,57809249,1,60
OC083,미국법인,USD,2025-05,197817.59000000003,272988274,2,60
OC083,미국법인,USD,2025-06,92166.68,127190018,2,60
OC083,미국법인,USD,2025-07,106770.35,147343083,2,60
OC083,미국법인,USD,2025-08,136106.25,187826625,2,60
OC084,중국법인,CNY,2025-04,4632199.0,880117810,2,60
OC084,중국법인,CNY,2025-07,5660975.0,1075585250,4,60
OC084,중국법인,CNY,2025-08,2597159.0,493460210,1,60
OC085,독일법인,EUR,2025-02,49624.87,74437305,1,45
OC085,독일법인,EUR,2025-03,61529.96,92294940,1,45
OC085,독일법인,EUR,2025-04,262453.24,393679860,3,45
OC085,독일법인,EUR,2025-05,165471.34999999998,248207025,2,45
OC085,독일법인,EUR,2025-06,107104.75,160657125,1,45
OC085,독일법인,EUR,2025-07,114824.63,172236945,3,45
OC086,중국법인,CNY,2025-01,2536803.0,481992570,2,90
OC086,중국법인,CNY,2025-03,3460438.0,657483220,2,90
OC086,중국법인,CNY,2025-05,1714373.0,325730870,3,90
OC086,중국법인,CNY,2025-06,1408114.0,267541660,3,90
OC087,미국법인,USD,2025-01,99774.61,137688962,1,45
OC087,미국법인,USD,2025-02,132153.01,182371154,2,45
OC087,미국법인,USD,2025-03,51041.04,70436635,1,45
OC087,미국법인,USD,2025-04,55357.98,76394012,1,45
OC087,미국법인,USD,2025-06,177416.2,244834356,3,45
OC087,미국법인,USD,2025-07,320098.66,441736150,4,45
OC087,미국법인,USD,2025-08,100361.38,138498704,1,45
OC088,미국법인,USD,2025-02,301794.33,416476176,3,90
OC088,미국법인,USD,2025-03,245590.49,338914876,3,90
OC088,미국법인,USD,2025-04,70330.77,97056463,1,90
OC088,미국법인,USD,2025-05,102935.74,142051321,1,90
OC088,미국법인,USD,2025-06,183112.95,252695871,2,90
OC089,미국법인,USD,2025-02,92329.90000000001,127415262,2,45
OC089,미국법인,USD,2025-03,134351.91,185405636,3,45
OC089,미국법인,USD,2025-04,193909.13,267594599,2,45
OC089,미국법인,USD,2025-06,81364.57,112283107,1,45
OC089,미국법인,USD,2025-07,114466.74,157964101,2,45
OC090,미국법인,USD,2025-01,185892.37,256531471,2,60
OC090,미국법인,USD,2025-03,201937.8,278674164,2,60
OC090,미국법인,USD,2025-06,304107.3,419668074,3,60
OC090,미국법인,USD,2025-08,19917.01,27485474,1,60
OC091,미국법인,USD,2025-01,99772.06,137685443,2,90
OC091,미국법인,USD,2025-02,170370.91,235111856,2,90
OC091,미국법인,USD,2025-03,87340.67,120530125,2,90
OC091,미국법인,USD,2025-04,277856.85,383442453,4,90
OC091,미국법인,USD,2025-05,110858.91,152985296,1,90
OC091,미국법인,USD,2025-06,130915.48000000001,180663363,2,90
OC091,미국법인,USD,2025-07,16461.15,22716387,1,90
OC092,미국법인,USD,2025-01,138724.06,191439203,4,60
OC092,미국법인,USD,2025-02,86143.18,118877588,1,60
OC092,미국법인,USD,2025-03,186026.68,256716818,3,60
OC092,미국법인,USD,2025-05,184960.26,255245158,2,60
OC092,미국법인,USD,2025-06,96682.41,133421726,1,60
OC092,미국법인,USD,2025-07,11335.51,15643004,1,60
OC093,베트남법인,VND,2025-01,2165791.0,121284,1,45
OC093,베트남법인,VND,2025-03,3059546.0,171335,3,45
OC093,베트남법인,VND,2025-04,1756957.0,98390,3,45
OC093,베트남법인,VND,2025-05,708182.0,39658,2,45
OC093,베트남법인,VND,2025-07,1678203.0,93979,1,45
OC094,베트남법인,VND,2025-01,3286268.0,184031,2,90
OC094,베트남법인,VND,2025-02,2911699.0,163055,2,90
OC094,베트남법인,VND,2025-04,5587159.0,312880,3,90
OC094,베트남법인,VND,2025-05,2900796.0,162444,2,90
OC094,베트남법인,VND,2025-06,506780.0,28380,1,90
OC094,베트남법인,VND,2025-07,2675281.0,149816,1,90
OC095,중국법인,CNY,2025-01,367135.0,69755650,1,45
OC095,중국법인,CNY,2025-02,1689547.0,321013930,2,45
OC095,중국법인,CNY,2025-04,4575441.0,869333790,2,45
OC095,중국법인,CNY,2025-05,4946565.0,939847350,2,45
OC095,중국법인,CNY,2025-06,2193004.0,416670760,1,45
OC095,중국법인,CNY,2025-07,647016.0,122933040,1,45
OC095,중국법인,CNY,2025-08,1569411.0,298188090,1,45
OC096,미국법인,USD,2025-01,83394.23,115084037,1,30
OC096,미국법인,USD,2025-02,112104.18,154703768,2,30
OC096,미국법인,USD,2025-03,58088.97,80162779,1,30
OC096,미국법인,USD,2025-04,218903.45,302086761,4,30
OC096,미국법인,USD,2025-05,29923.86,41294927,1,30
OC096,미국법인,USD,2025-06,48765.03,67295741,1,30
OC096,미국법인,USD,2025-07,212612.8,293405664,3,30
OC097,미국법인,USD,2025-01,71487.68,98652998,1,60
OC097,미국법인,USD,2025-02,190149.8,262406724,3,60
OC097,미국법인,USD,2025-03,77077.4,106366812,1,60
OC097,미국법인,USD,2025-04,139450.38,192441524,2,60
OC097,미국법인,USD,2025-05,102540.59999999999,141506028,2,60
OC097,미국법인,USD,2025-06,26591.94,36696877,1,60
OC097,미국법인,USD,2025-07,118762.8,163892664,1,60
OC097,미국법인,USD,2025-08,117389.95999999999,161998145,2,60
OC098,중국법인,CNY,2025-01,620101.0,117819190,1,90
OC098,중국법인,CNY,2025-02,2523879.0,479537010,1,90
OC098,중국법인,CNY,2025-03,3375798.0,641401620,2,90
OC098,중국법인,CNY,2025-04,6624055.0,1258570450,4,90
OC098,중국법인,CNY,2025-06,143707.0,27304330,1,90
OC098,중국법인,CNY,2025-07,3441486.0,653882340,2,90
OC098,중국법인,CNY,2025-08,2532871.0,481245490,1,90
OC099,독일법인,EUR,2025-01,63402.75,95104125,1,60
OC099,독일법인,EUR,2025-03,63803.91,95705865,1,60
OC099,독일법인,EUR,2025-05,72003.55,108005325,1,60
OC099,독일법인,EUR,2025-07,213472.1,320208150,2,60
OC099,독일법인,EUR,2025-08,96424.05,144636075,1,60
OC100,베트남법인,VND,2025-01,1562158.0,87481,1,30
OC100,베트남법인,VND,2025-02,2494944.0,139717,1,30
OC100,베트남법인,VND,2025-03,2990979.0,167495,2,30
OC100,베트남법인,VND,2025-04,1839233.0,102997,1,30
OC100,베트남법인,VND,2025-05,4513644.0,252764,2,30
OC100,베트남법인,VND,2025-06,2563462.0,143554,2,30
OC100,베트남법인,VND,2025-07,2981328.0,166954,1,30
OC100,베트남법인,VND,2025-08,2176242.0,121870,1,30
OC101,중국법인,CNY,2025-01,4788060.0,909731400,3,45
OC101,중국법인,CNY,2025-03,1120506.0,212896140,1,45
OC101,중국법인,CNY,2025-05,5217750.0,991372500,3,45
OC101,중국법인,CNY,2025-06,1328593.0,252432670,2,45
OC102,독일법인,EUR,2025-01,221725.44,332588160,3,30
OC102,독일법인,EUR,2025-02,51741.66,77612490,2,30
OC102,독일법인,EUR,2025-03,314665.22,471997830,3,30
OC102,독일법인,EUR,2025-05,183295.13,274942695,2,30
OC102,독일법인,EUR,2025-06,86785.38,130178070,1,30
OC103,싱가포르법인,SGD,2025-02,114510.16999999998,116800374,2,60
OC103,싱가포르법인,SGD,2025-03,128281.51000000001,130847140,2,60
OC103,싱가포르법인,SGD,2025-04,164627.16999999998,167919713,2,60
OC103,싱가포르법인,SGD,2025-05,31743.75,32378625,1,60
OC103,싱가포르법인,SGD,2025-06,280416.35,286024677,4,60
OC103,싱가포르법인,SGD,2025-07,64189.84,65473636,2,60
OC104,미국법인,USD,2025-01,148979.25,205591365,2,45
OC104,미국법인,USD,2025-04,189565.77,261600762,3,45
OC104,미국법인,USD,2025-05,30434.6,41999748,1,45
OC104,미국법인,USD,2025-06,60090.39,82924738,1,45
OC104,미국법인,USD,2025-08,57232.25,78980505,1,45
OC105,미국법인,USD,2025-01,158740.54,219061945,2,30
OC105,미국법인,USD,2025-02,108327.77,149492322,3,30
OC105,미국법인,USD,2025-03,165410.0,228265800,2,30
OC105,미국법인,USD,2025-05,197416.41999999998,272434660,3,30
OC105,미국법인,USD,2025-07,235095.04,324431155,3,30
OC106,싱가포르법인,SGD,2025-01,125906.16999999998,128424294,2,60
OC106,싱가포르법인,SGD,2025-02,57774.76,58930255,1,60
OC106,싱가포르법인,SGD,2025-03,49683.270000000004,50676936,2,60
OC106,싱가포르법인,SGD,2025-04,31341.04,31967861,1,60
OC106,싱가포르법인,SGD,2025-05,76384.6,77912292,1,60
OC106,싱가포르법인,SGD,2025-06,78025.24,79585745,1,60
OC106,싱가포르법인,SGD,2025-07,67398.67,68746643,2,60
OC106,싱가포르법인,SGD,2025-08,198534.34,202505027,3,60
OC107,싱가포르법인,SGD,2025-01,93241.43,95106259,1,30
OC107,싱가포르법인,SGD,2025-02,55147.0,56249940,1,30
OC107,싱가포르법인,SGD,2025-03,218870.63,223248043,2,30
OC107,싱가포르법인,SGD,2025-05,52343.7,53390574,1,30
OC107,싱가포르법인,SGD,2025-06,145424.41999999998,148332908,2,30
OC107,싱가포르법인,SGD,2025-08,69425.38,70813887,2,30
OC108,미국법인,USD,2025-01,24634.13,33995099,1,60
OC108,미국법인,USD,2025-03,7253.83,10010285,1,60
OC108,미국법인,USD,2025-04,188624.33,260301576,3,60
OC108,미국법인,USD,2025-05,118832.09,163988284,1,60
OC108,미국법인,USD,2025-08,72277.37,99742771,1,60
OC109,미국법인,USD,2025-01,142015.33,195981156,3,90
OC109,미국법인,USD,2025-02,110577.64,152597143,1,90
OC109,미국법인,USD,2025-03,26576.89,36676108,1,90
OC109,미국법인,USD,2025-04,100527.83,138728405,1,90
OC109,미국법인,USD,2025-06,154595.55,213341859,3,90
OC109,미국법인,USD,2025-07,124636.15,171997887,2,90
OC109,미국법인,USD,2025-08,55271.47,76274629,2,90
OC110,독일법인,EUR,2025-01,116055.34999999999,174083025,3,45
OC110,독일법인,EUR,2025-02,132626.15000000002,198939225,3,45
OC110,독일법인,EUR,2025-04,130796.47,196194705,2,45
OC110,독일법인,EUR,2025-05,117692.32999999999,176538495,2,45
OC110,독일법인,EUR,2025-06,99049.98,148574970,1,45
OC110,독일법인,EUR,2025-07,61630.61,92445915,2,45
OC111,중국법인,CNY,2025-02,472803.0,89832570,1,60
OC111,중국법인,CNY,2025-04,1364748.0,259302120,1,60
OC111,중국법인,CNY,2025-05,1388402.0,263796380,3,60
OC111,중국법인,CNY,2025-07,1336774.0,253987060,2,60
OC112,싱가포르법인,SGD,2025-01,42352.7,43199754,1,90
OC112,싱가포르법인,SGD,2025-02,329411.45,335999678,5,90
OC112,싱가포르법인,SGD,2025-04,37542.61,38293463,2,90
OC112,싱가포르법인,SGD,2025-05,119803.25,122199315,1,90
OC112,싱가포르법인,SGD,2025-06,82998.79000000001,84658766,2,90
OC112,싱가포르법인,SGD,2025-07,195079.58000000002,198981171,3,90
OC113,중국법인,CNY,2025-01,3928453.0,746406070,2,60
OC113,중국법인,CNY,2025-03,985683.0,187279770,1,60
OC113,중국법인,CNY,2025-04,6830900.0,1297871000,3,60
OC113,중국법인,CNY,2025-05,2851008.0,541691520,1,60
OC113,중국법인,CNY,2025-06,6551280.0,1244743200,4,60
OC113,중국법인,CNY,2025-07,2992792.0,568630480,1,60
OC114,독일법인,EUR,2025-01,182454.98,273682470,3,60
OC114,독일법인,EUR,2025-02,105435.4,158153100,1,60
OC114,독일법인,EUR,2025-04,78552.1,117828150,2,60
OC114,독일법인,EUR,2025-05,90536.42,135804630,1,60
OC114,독일법인,EUR,2025-07,7253.88,10880820,1,60
OC115,중국법인,CNY,2025-01,219412.0,41688280,1,90
OC115,중국법인,CNY,2025-02,1067018.0,202733420,1,90
OC115,중국법인,CNY,2025-04,2327069.0,442143110,3,90
OC115,중국법인,CNY,2025-05,2907672.0,552457680,1,90
OC115,중국법인,CNY,2025-06,2791337.0,530354030,1,90
OC115,중국법인,CNY,2025-07,1102404.0,209456760,1,90
OC115,중국법인,CNY,2025-08,4120011.0,782802090,2,90
OC116,중국법인,CNY,2025-02,3910365.0,742969350,2,90
OC116,중국법인,CNY,2025-03,5616149.0,1067068310,3,90
OC116,중국법인,CNY,2025-04,6602642.0,1254501980,4,90
OC116,중국법인,CNY,2025-05,2166739.0,411680410,3,90
OC116,중국법인,CNY,2025-06,2613733.0,496609270,1,90
OC116,중국법인,CNY,2025-08,618234.0,117464460,1,90
OC117,중국법인,CNY,2025-04,132532.0,25181080,1,45
OC117,중국법인,CNY,2025-05,7204208.0,1368799520,4,45
OC117,중국법인,CNY,2025-06,3378204.0,641858760,3,45
OC117,중국법인,CNY,2025-07,421075.0,80004250,1,45
OC117,중국법인,CNY,2025-08,2269345.0,431175550,1,45
OC118,미국법인,USD,2025-01,153366.7,211646046,2,60
OC118,미국법인,USD,2025-02,118364.20999999999,163342610,2,60
OC118,미국법인,USD,2025-04,235945.83,325605245,3,60
OC118,미국법인,USD,2025-05,29958.49,41342716,1,60
OC118,미국법인,USD,2025-06,92639.07,127841917,1,60
OC118,미국법인,USD,2025-07,105697.29,145862260,1,60
OC119,싱가포르법인,SGD,2025-01,72906.22,74364344,1,60
OC119,싱가포르법인,SGD,2025-02,149263.22,152248484,2,60
OC119,싱가포르법인,SGD,2025-03,12301.29,12547316,1,60
OC119,싱가포르법인,SGD,2025-04,79478.4,81067968,1,60
OC119,싱가포르법인,SGD,2025-07,40889.84,41707637,1,60
OC120,미국법인,USD,2025-02,105787.87,145987261,2,60
OC120,미국법인,USD,2025-03,312905.61,431809743,4,60
OC120,미국법인,USD,2025-05,63782.46,88019795,1,60
OC120,미국법인,USD,2025-06,30653.8,42302244,1,60
OC120,미국법인,USD,2025-07,76066.66,104971991,1,60
OC121,미국법인,USD,2025-01,63168.72,87172834,1,30
OC121,미국법인,USD,2025-03,261240.2,360511476,4,30
OC121,미국법인,USD,2025-06,95563.62,131877796,1,30
OC121,미국법인,USD,2025-07,239151.72999999998,330029387,3,30
OC121,미국법인,USD,2025-08,95963.83,132430085,1,30
OC122,중국법인,CNY,2025-01,3105091.0,589967290,2,60
OC122,중국법인,CNY,2025-03,4997870.0,949595300,2,60
OC122,중국법인,CNY,2025-04,1968864.0,374084160,1,60
OC122,중국법인,CNY,2025-06,879243.0,167056170,1,60
OC122,중국법인,CNY,2025-07,907114.0,172351660,1,60
OC122,중국법인,CNY,2025-08,2498754.0,474763260,1,60
OC123,중국법인,CNY,2025-03,2666765.0,506685350,2,45
OC123,중국법인,CNY,2025-04,1737925.0,330205750,1,45
OC123,중국법인,CNY,2025-05,2292715.0,435615850,3,45
OC123,중국법인,CNY,2025-07,5348135.0,1016145650,2,45
OC124,미국법인,USD,2025-01,89829.31,123964448,2,45
OC124,미국법인,USD,2025-02,30428.96,41991965,1,45
OC124,미국법인,USD,2025-03,119606.32,165056722,1,45
OC124,미국법인,USD,2025-04,126378.93,174402924,2,45
OC124,미국법인,USD,2025-05,168079.93,231950303,2,45
OC124,미국법인,USD,2025-07,159013.56,219438713,2,45
OC124,미국법인,USD,2025-08,116733.23999999999,161091871,2,45
OC125,중국법인,CNY,2025-01,1912743.0,363421170,2,30
OC125,중국법인,CNY,2025-02,2397365.0,455499350,2,30
OC125,중국법인,CNY,2025-03,1780754.0,338343260,2,30
OC125,중국법인,CNY,2025-05,3699213.0,702850470,2,30
OC125,중국법인,CNY,2025-06,1709898.0,324880620,1,30
OC125,중국법인,CNY,2025-07,759100.0,144229000,1,30
OC125,중국법인,CNY,2025-08,1914787.0,363809530,1,30
OC126,독일법인,EUR,2025-02,31396.82,47095230,1,90
OC126,독일법인,EUR,2025-03,168649.03,252973545,2,90
OC126,독일법인,EUR,2025-04,221326.78000000003,331990170,3,90
OC126,독일법인,EUR,2025-05,90391.37,135587055,2,90
OC127,독일법인,EUR,2025-01,130205.9,195308850,2,45
OC127,독일법인,EUR,2025-02,81680.98,122521470,1,45
OC127,독일법인,EUR,2025-03,109367.45,164051175,3,45
OC127,독일법인,EUR,2025-04,43105.77,64658655,1,45
OC127,독일법인,EUR,2025-05,46042.96,69064440,1,45
OC127,독일법인,EUR,2025-06,115061.16,172591740,1,45
OC128,독일법인,EUR,2025-01,37189.56,55784340,1,30
OC128,독일법인,EUR,2025-02,103431.62,155147430,1,30
OC128,독일법인,EUR,2025-03,113542.29,170313435,1,30
OC128,독일법인,EUR,2025-04,148909.23,223363845,2,30
OC128,독일법인,EUR,2025-05,115652.32,173478480,1,30
OC128,독일법인,EUR,2025-06,57290.0,85935000,2,30
OC129,미국법인,USD,2025-01,219650.76,303118049,2,30
OC129,미국법인,USD,2025-02,49723.48,68618402,1,30
OC129,미국법인,USD,2025-04,199941.97,275919918,2,30
OC129,미국법인,USD,2025-05,130946.47,180706128,2,30
OC129,미국법인,USD,2025-06,106296.51,146689184,1,30
OC129,미국법인,USD,2025-07,283354.74,391029541,4,30
OC129,미국법인,USD,2025-08,30556.42,42167860,1,30
OC130,싱가포르법인,SGD,2025-01,254847.19,259944133,3,90
OC130,싱가포르법인,SGD,2025-02,208179.25,212342835,2,90
OC130,싱가포르법인,SGD,2025-03,36341.15,37067973,1,90
OC130,싱가포르법인,SGD,2025-04,61835.02,63071720,1,90
OC130,싱가포르법인,SGD,2025-05,53083.05,54144711,1,90
OC130,싱가포르법인,SGD,2025-06,178123.46,181685929,3,90
OC130,싱가포르법인,SGD,2025-07,63493.21,64763074,1,90
OC131,중국법인,CNY,2025-01,3239267.0,615460730,2,90
OC131,중국법인,CNY,2025-04,2469773.0,469256870,2,90
OC131,중국법인,CNY,2025-05,2027331.0,385192890,1,90
OC131,중국법인,CNY,2025-06,5004218.0,950801420,2,90
OC131,중국법인,CNY,2025-08,620760.0,117944400,2,90
OC132,중국법인,CNY,2025-01,2344783.0,445508770,2,30
OC132,중국법인,CNY,2025-02,955628.0,181569320,1,30
OC132,중국법인,CNY,2025-03,5123989.0,973557910,4,30
OC132,중국법인,CNY,2025-04,69354.0,13177260,1,30
OC132,중국법인,CNY,2025-06,1590896.0,302270240,2,30
OC132,중국법인,CNY,2025-07,1209844.0,229870360,1,30
OC132,중국법인,CNY,2025-08,1886107.0,358360330,1,30
OC133,미국법인,USD,2025-01,29232.06,40340243,1,45
OC133,미국법인,USD,2025-03,82044.39,113221258,3,45
OC133,미국법인,USD,2025-04,75492.44,104179567,1,45
OC133,미국법인,USD,2025-05,48171.72,66476974,1,45
OC133,미국법인,USD,2025-06,97856.91,135042536,1,45
OC133,미국법인,USD,2025-07,184227.44,254233867,3,45
OC133,미국법인,USD,2025-08,29037.7,40072026,1,45
OC134,중국법인,CNY,2025-01,3349139.0,636336410,3,90
OC134,중국법인,CNY,2025-02,4089341.0,776974790,2,90
OC134,중국법인,CNY,2025-03,2885880.0,548317200,1,90
OC134,중국법인,CNY,2025-04,3738869.0,710385110,3,90
OC134,중국법인,CNY,2025-05,248775.0,47267250,1,90
OC134,중국법인,CNY,2025-07,3058784.0,581168960,3,90
OC134,중국법인,CNY,2025-08,148048.0,28129120,1,90
OC135,독일법인,EUR,2025-01,27800.41,41700615,1,45
OC135,독일법인,EUR,2025-02,114912.38,172368570,1,45
OC135,독일법인,EUR,2025-03,71882.76,107824140,1,45
OC135,독일법인,EUR,2025-05,92667.08,139000620,1,45
OC135,독일법인,EUR,2025-06,41941.92,62912880,1,45
OC135,독일법인,EUR,2025-08,100791.8,151187700,1,45
OC136,싱가포르법인,SGD,2025-01,71571.01,73002430,1,45
OC136,싱가포르법인,SGD,2025-02,100774.17,102789653,3,45
OC136,싱가포르법인,SGD,2025-04,97522.81,99473266,1,45
OC136,싱가포르법인,SGD,2025-05,154937.34,158036087,2,45
OC136,싱가포르법인,SGD,2025-06,14063.92,14345198,1,45
OC136,싱가포르법인,SGD,2025-08,193515.49,197385800,2,45
OC137,독일법인,EUR,2025-01,126887.06,190330590,3,45
OC137,독일법인,EUR,2025-03,67268.77,100903155,1,45
OC137,독일법인,EUR,2025-05,110481.28,165721920,1,45
OC137,독일법인,EUR,2025-08,224676.84999999998,337015275,3,45
OC138,베트남법인,VND,2025-01,4180200.0,234091,3,30
OC138,베트남법인,VND,2025-02,2831017.0,158537,2,30
OC138,베트남법인,VND,2025-04,4839232.0,270997,3,30
OC138,베트남법인,VND,2025-05,2988559.0,167359,1,30
OC138,베트남법인,VND,2025-07,1842695.0,103191,1,30
OC139,중국법인,CNY,2025-01,309014.0,58712660,1,30
OC139,중국법인,CNY,2025-02,4599199.0,873847810,3,30
OC139,중국법인,CNY,2025-03,5682067.0,1079592730,4,30
OC139,중국법인,CNY,2025-04,4082011.0,775582090,2,30
OC139,중국법인,CNY,2025-07,1098693.0,208751670,1,30
OC140,싱가포르법인,SGD,2025-01,107738.84,109893617,1,90
OC140,싱가포르법인,SGD,2025-02,20653.09,21066152,1,90
OC140,싱가포르법인,SGD,2025-03,133467.54,136136891,2,90
OC140,싱가포르법인,SGD,2025-04,55311.18,56417404,1,90
OC140,싱가포르법인,SGD,2025-05,234565.86,239257178,2,90
OC140,싱가포르법인,SGD,2025-06,292293.08999999997,298138952,4,90
OC140,싱가포르법인,SGD,2025-07,25579.65,26091243,1,90
OC140,싱가포르법인,SGD,2025-08,130806.56,133422691,2,90
OC141,베트남법인,VND,2025-01,865919.0,48491,1,45
OC141,베트남법인,VND,2025-03,1458320.0,81666,1,45
OC141,베트남법인,VND,2025-04,2596996.0,145432,2,45
OC141,베트남법인,VND,2025-06,2050455.0,114825,2,45
OC141,베트남법인,VND,2025-08,773530.0,43318,1,45
OC142,미국법인,USD,2025-01,234463.49000000002,323559616,3,90
OC142,미국법인,USD,2025-02,71141.65,98175477,2,90
OC142,미국법인,USD,2025-03,93224.84,128650279,2,90
OC142,미국법인,USD,2025-04,64947.85,89628033,1,90
OC142,미국법인,USD,2025-05,259322.82,357865492,4,90
OC142,미국법인,USD,2025-06,57272.12,79035526,1,90
OC142,미국법인,USD,2025-07,34549.14,47677813,1,90
OC143,독일법인,EUR,2025-01,134932.36,202398540,2,90
OC143,독일법인,EUR,2025-02,235643.3,353464950,2,90
OC143,독일법인,EUR,2025-03,144344.31,216516465,2,90
OC143,독일법인,EUR,2025-04,48732.57,73098855,1,90
OC143,독일법인,EUR,2025-05,84931.02,127396530,2,90
OC143,독일법인,EUR,2025-06,115322.23999999999,172983360,3,90
OC143,독일법인,EUR,2025-08,68676.03,103014045,1,90
OC144,미국법인,USD,2025-01,61694.439999999995,85138327,2,60
OC144,미국법인,USD,2025-02,40427.13,55789439,1,60
OC144,미국법인,USD,2025-03,81002.55,111783519,1,60
OC144,미국법인,USD,2025-04,71941.34,99279049,1,60
OC144,미국법인,USD,2025-06,30906.74,42651301,1,60
OC145,중국법인,CNY,2025-01,1504790.0,285910100,1,45
OC145,중국법인,CNY,2025-03,2086326.0,396401940,1,45
OC145,중국법인,CNY,2025-05,1947795.0,370081050,1,45
OC145,중국법인,CNY,2025-06,92261.0,17529590,1,45
OC145,중국법인,CNY,2025-07,1530218.0,290741420,2,45
OC146,미국법인,USD,2025-01,185980.59000000003,256653214,4,30
OC146,미국법인,USD,2025-03,91544.15,126330927,1,30
OC146,미국법인,USD,2025-05,123604.04,170573576,2,30
OC146,미국법인,USD,2025-06,91029.09,125620144,1,30
OC146,미국법인,USD,2025-07,88563.11,122217092,1,30
OC147,독일법인,EUR,2025-01,34632.92,51949380,1,90
OC147,독일법인,EUR,2025-02,117361.72,176042580,1,90
OC147,독일법인,EUR,2025-04,93215.78,139823670,1,90
OC147,독일법인,EUR,2025-05,164301.06,246451590,2,90
OC147,독일법인,EUR,2025-06,99686.22,149529330,1,90
OC147,독일법인,EUR,2025-07,48576.63,72864945,1,90
OC147,독일법인,EUR,2025-08,94824.67,142237005,1,90
OC148,중국법인,CNY,2025-01,2046274.0,388792060,1,60
OC148,중국법인,CNY,2025-03,4704350.0,893826500,3,60
OC148,중국법인,CNY,2025-04,606186.0,115175340,1,60
OC148,중국법인,CNY,2025-05,3544842.0,673519980,3,60
OC148,중국법인,CNY,2025-06,2903861.0,551733590,1,60
OC148,중국법인,CNY,2025-07,970529.0,184400510,1,60
OC149,베트남법인,VND,2025-01,4517520.0,252980,3,45
OC149,베트남법인,VND,2025-02,1727576.0,96744,3,45
OC149,베트남법인,VND,2025-04,3766637.0,210932,3,45
OC149,베트남법인,VND,2025-05,4123470.0,230915,2,45
OC150,미국법인,USD,2025-02,58836.8,81194784,1,30
OC150,미국법인,USD,2025-04,190601.5,263030070,2,30
OC150,미국법인,USD,2025-05,77626.08,107123991,2,30
OC150,미국법인,USD,2025-07,180033.09,248445665,2,30
OC151,중국법인,CNY,2025-01,1773509.0,336966710,1,30
OC151,중국법인,CNY,2025-02,1741224.0,330832560,1,30
OC151,중국법인,CNY,2025-04,6214751.0,1180802690,4,30
OC151,중국법인,CNY,2025-05,3805336.0,723013840,2,30
OC151,중국법인,CNY,2025-06,3035294.0,576705860,2,30
OC151,중국법인,CNY,2025-07,475236.0,90294840,1,30
OC152,중국법인,CNY,2025-01,3410804.0,648052760,2,45
OC152,중국법인,CNY,2025-02,652738.0,124020220,1,45
OC152,중국법인,CNY,2025-03,3770334.0,716363460,2,45
OC152,중국법인,CNY,2025-05,6226218.0,1182981420,4,45
OC152,중국법인,CNY,2025-08,1893165.0,359701350,1,45
OC153,미국법인,USD,2025-01,82643.13,114047519,1,60
OC153,미국법인,USD,2025-04,181161.64,250003063,2,60
OC153,미국법인,USD,2025-05,108149.05,149245689,1,60
OC153,미국법인,USD,2025-07,114292.47,157723609,2,60
OC154,미국법인,USD,2025-01,48513.43,66948533,1,60
OC154,미국법인,USD,2025-02,7976.88,11008094,1,60
OC154,미국법인,USD,2025-03,107313.17,148092175,1,60
OC154,미국법인,USD,2025-04,105242.63,145234829,2,60
OC154,미국법인,USD,2025-06,253571.91999999998,349929250,4,60
OC155,싱가포르법인,SGD,2025-01,125928.57,128447141,3,60
OC155,싱가포르법인,SGD,2025-02,7806.19,7962314,1,60
OC155,싱가포르법인,SGD,2025-03,60277.22,61482764,2,60
OC155,싱가포르법인,SGD,2025-07,196879.25999999998,200816845,3,60
OC155,싱가포르법인,SGD,2025-08,156664.91999999998,159798219,2,60
OC156,독일법인,EUR,2025-01,30652.28,45978420,1,90
OC156,독일법인,EUR,2025-02,93148.16,139722240,1,90
OC156,독일법인,EUR,2025-03,177178.91,265768365,2,90
OC156,독일법인,EUR,2025-04,105284.62,157926930,1,90
OC156,독일법인,EUR,2025-05,29454.45,44181675,2,90
OC156,독일법인,EUR,2025-06,105054.13,157581195,1,90
OC156,독일법인,EUR,2025-07,84117.55,126176325,1,90
OC157,독일법인,EUR,2025-01,84497.15,126745725,1,90
OC157,독일법인,EUR,2025-02,222744.39,334116585,4,90
OC157,독일법인,EUR,2025-03,98123.76,147185640,1,90
OC157,독일법인,EUR,2025-04,88093.45999999999,132140190,2,90
OC157,독일법인,EUR,2025-05,159835.31,239752965,2,90
OC157,독일법인,EUR,2025-07,97535.1,146302650,1,90
OC158,싱가포르법인,SGD,2025-01,26869.62,27407012,1,90
OC158,싱가포르법인,SGD,2025-02,77703.93,79258009,1,90
OC158,싱가포르법인,SGD,2025-03,169262.83000000002,172648087,2,90
OC158,싱가포르법인,SGD,2025-04,117028.05,119368611,1,90
OC158,싱가포르법인,SGD,2025-08,84249.49,85934480,1,90
OC159,싱가포르법인,SGD,2025-02,20781.38,21197008,1,60
OC159,싱가포르법인,SGD,2025-03,149482.17,152471814,2,60
OC159,싱가포르법인,SGD,2025-04,148636.39,151609118,2,60
OC159,싱가포르법인,SGD,2025-07,128175.82,130739336,2,60
OC160,중국법인,CNY,2025-01,1686947.0,320519930,1,60
OC160,중국법인,CNY,2025-02,1563915.0,297143850,2,60
OC160,중국법인,CNY,2025-04,2763071.0,524983490,1,60
OC160,중국법인,CNY,2025-05,1029117.0,195532230,1,60
OC160,중국법인,CNY,2025-07,66300.0,12597000,1,60
OC161,중국법인,CNY,2025-02,3624290.0,688615100,3,45
OC161,중국법인,CNY,2025-03,6386271.0,1213391490,3,45
OC161,중국법인,CNY,2025-04,1721903.0,327161570,2,45
OC161,중국법인,CNY,2025-05,6016384.0,1143112960,3,45
OC161,중국법인,CNY,2025-06,2310910.0,439072900,2,45
OC161,중국법인,CNY,2025-07,514023.0,97664370,1,45
OC162,독일법인,EUR,2025-01,6499.35,9749025,1,60
OC162,독일법인,EUR,2025-04,284419.54000000004,426629310,4,60
OC162,독일법인,EUR,2025-05,173894.98,260842470,2,60
OC162,독일법인,EUR,2025-06,194547.03999999998,291820560,3,60
OC162,독일법인,EUR,2025-07,94224.85,141337275,1,60
OC162,독일법인,EUR,2025-08,20014.94,30022410,1,60
OC163,중국법인,CNY,2025-01,1788961.0,339902590,1,60
OC163,중국법인,CNY,2025-02,2285783.0,434298770,2,60
OC163,중국법인,CNY,2025-03,2387386.0,453603340,1,60
OC163,중국법인,CNY,2025-04,6731456.0,1278976640,5,60
OC163,중국법인,CNY,2025-05,1997198.0,379467620,1,60
OC163,중국법인,CNY,2025-07,2179333.0,414073270,1,60
OC163,중국법인,CNY,2025-08,4793085.0,910686150,2,60
OC164,베트남법인,VND,2025-02,1716334.0,96115,1,30
OC164,베트남법인,VND,2025-03,4028445.0,225593,3,30
OC164,베트남법인,VND,2025-04,1953028.0,109369,2,30
OC164,베트남법인,VND,2025-05,3332357.0,186612,2,30
OC164,베트남법인,VND,2025-06,2443477.0,136835,2,30
OC164,베트남법인,VND,2025-08,2693951.0,150861,1,30
OC165,중국법인,CNY,2025-02,2503781.0,475718390,1,60
OC165,중국법인,CNY,2025-04,6080402.0,1155276380,3,60
OC165,중국법인,CNY,2025-05,73042.0,13877980,1,60
OC165,중국법인,CNY,2025-06,6800997.0,1292189430,4,60
OC165,중국법인,CNY,2025-07,2426365.0,461009350,1,60
OC165,중국법인,CNY,2025-08,494122.0,93883180,1,60
OC166,베트남법인,VND,2025-01,3309636.0,185340,3,90
OC166,베트남법인,VND,2025-02,1427862.0,79960,2,90
OC166,베트남법인,VND,2025-03,5077989.0,284367,3,90
OC166,베트남법인,VND,2025-05,2716354.0,152116,1,90
OC166,베트남법인,VND,2025-08,1794038.0,100466,1,90
OC167,중국법인,CNY,2025-02,3934576.0,747569440,2,30
OC167,중국법인,CNY,2025-03,2786751.0,529482690,1,30
OC167,중국법인,CNY,2025-04,4008853.0,761682070,2,30
OC167,중국법인,CNY,2025-06,2054576.0,390369440,1,30
OC167,중국법인,CNY,2025-07,2197611.0,417546090,2,30
OC168,싱가포르법인,SGD,2025-02,132533.26,135183925,2,60
OC168,싱가포르법인,SGD,2025-03,237513.65999999997,242263933,3,60
OC168,싱가포르법인,SGD,2025-05,127869.18000000001,130426563,2,60
OC168,싱가포르법인,SGD,2025-06,165443.05,168751911,3,60
OC168,싱가포르법인,SGD,2025-08,66326.76,67653295,1,60
OC169,미국법인,USD,2025-01,89679.15,123757227,1,30
OC169,미국법인,USD,2025-02,163169.44,225173828,2,30
OC169,미국법인,USD,2025-04,40934.59,56489734,1,30
OC169,미국법인,USD,2025-05,41696.01,57540494,1,30
OC169,미국법인,USD,2025-06,207349.32,286142061,4,30
OC169,미국법인,USD,2025-07,40408.25,55763385,1,30
OC169,미국법인,USD,2025-08,53288.13,73537619,1,30
OC170,베트남법인,VND,2025-01,1677763.0,93955,1,60
OC170,베트남법인,VND,2025-02,1610555.0,90191,2,60
OC170,베트남법인,VND,2025-03,3855614.0,215914,2,60
OC170,베트남법인,VND,2025-04,2604356.0,145844,1,60
OC170,베트남법인,VND,2025-05,5270261.0,295135,2,60
OC170,베트남법인,VND,2025-06,2379036.0,133226,3,60
OC170,베트남법인,VND,2025-07,4914421.0,275207,2,60
OC170,베트남법인,VND,2025-08,2983645.0,167084,1,60
OC171,중국법인,CNY,2025-01,2564044.0,487168360,1,60
OC171,중국법인,CNY,2025-02,1374370.0,261130300,1,60
OC171,중국법인,CNY,2025-03,928373.0,176390870,1,60
OC171,중국법인,CNY,2025-04,1906968.0,362323920,1,60
OC171,중국법인,CNY,2025-05,2890870.0,549265300,1,60
OC171,중국법인,CNY,2025-06,2678692.0,508951480,1,60
OC171,중국법인,CNY,2025-07,1072883.0,203847770,2,60
OC172,미국법인,USD,2025-01,84699.46,116885255,1,60
OC172,미국법인,USD,2025-04,9194.77,12688783,1,60
OC172,미국법인,USD,2025-05,88161.45,121662801,1,60
OC172,미국법인,USD,2025-06,77140.2,106453476,3,60
OC172,미국법인,USD,2025-07,101320.88,139822814,1,60
OC173,중국법인,CNY,2025-01,5169528.0,982210320,2,90
OC173,중국법인,CNY,2025-02,698365.0,132689350,1,90
OC173,중국법인,CNY,2025-03,4993769.0,948816110,4,90
OC173,중국법인,CNY,2025-04,349539.0,66412410,1,90
OC173,중국법인,CNY,2025-06,6636651.0,1260963690,5,90
OC174,중국법인,CNY,2025-02,3397394.0,645504860,3,45
OC174,중국법인,CNY,2025-03,2127385.0,404203150,1,45
OC174,중국법인,CNY,2025-04,5553621.0,1055187990,3,45
OC174,중국법인,CNY,2025-06,1774841.0,337219790,1,45
OC174,중국법인,CNY,2025-07,3809736.0,723849840,3,45
OC174,중국법인,CNY,2025-08,1403198.0,266607620,1,45
OC175,베트남법인,VND,2025-01,4380680.0,245318,2,45
OC175,베트남법인,VND,2025-03,5057374.0,283213,2,45
OC175,베트남법인,VND,2025-04,4797805.0,268677,2,45
OC175,베트남법인,VND,2025-05,2875979.0,161055,2,45
OC175,베트남법인,VND,2025-06,742216.0,41564,1,45
OC175,베트남법인,VND,2025-07,2624087.0,146949,1,45
OC176,싱가포르법인,SGD,2025-01,127356.04999999999,129903172,3,30
OC176,싱가포르법인,SGD,2025-03,32644.22,33297104,1,30
OC176,싱가포르법인,SGD,2025-04,37322.84,38069297,1,30
OC176,싱가포르법인,SGD,2025-05,134550.06,137241062,3,30
OC177,독일법인,EUR,2025-01,15145.95,22718925,1,90
OC177,독일법인,EUR,2025-03,196297.2,294445800,3,90
OC177,독일법인,EUR,2025-05,70221.77,105332655,2,90
OC177,독일법인,EUR,2025-06,97610.84,146416260,2,90
OC177,독일법인,EUR,2025-07,24470.86,36706290,1,90
OC178,베트남법인,VND,2025-01,1778722.0,99608,1,30
OC178,베트남법인,VND,2025-02,4913767.0,275171,2,30
OC178,베트남법인,VND,2025-03,1251480.0,70083,1,30
OC178,베트남법인,VND,2025-05,329640.0,18460,1,30
OC178,베트남법인,VND,2025-08,1607781.0,90036,1,30
OC179,베트남법인,VND,2025-02,4246820.0,237822,2,60
OC179,베트남법인,VND,2025-03,3864387.0,216406,2,60
OC179,베트남법인,VND,2025-04,2575823.0,144247,2,60
OC179,베트남법인,VND,2025-05,4051564.0,226888,3,60
OC179,베트남법인,VND,2025-07,5004199.0,280235,2,60
OC180,싱가포르법인,SGD,2025-01,175254.0,178759080,2,45
OC180,싱가포르법인,SGD,2025-02,98613.55,100585821,1,45
OC180,싱가포르법인,SGD,2025-03,15736.13,16050853,1,45
OC180,싱가포르법인,SGD,2025-04,136402.0,139130040,2,45
OC180,싱가포르법인,SGD,2025-05,85799.99,87515990,1,45
OC180,싱가포르법인,SGD,2025-06,161701.71000000002,164935744,2,45
OC180,싱가포르법인,SGD,2025-07,287336.3,293083026,3,45
OC181,베트남법인,VND,2025-01,1447578.0,81064,1,30
OC181,베트남법인,VND,2025-03,1054733.0,59065,2,30
OC181,베트남법인,VND,2025-06,733588.0,41081,1,30
OC181,베트남법인,VND,2025-07,1688787.0,94572,1,30
OC181,베트남법인,VND,2025-08,136128.0,7623,1,30
OC182,중국법인,CNY,2025-01,1296926.0,246415940,1,60
OC182,중국법인,CNY,2025-02,472615.0,89796850,1,60
OC182,중국법인,CNY,2025-03,369847.0,70270930,1,60
OC182,중국법인,CNY,2025-04,3450654.0,655624260,2,60
OC182,중국법인,CNY,2025-06,4272573.0,811788870,2,60
OC182,중국법인,CNY,2025-07,2305035.0,437956650,3,60
OC183,베트남법인,VND,2025-01,2369660.0,132701,1,60
OC183,베트남법인,VND,2025-02,1837640.0,102908,1,60
OC183,베트남법인,VND,2025-03,2237984.0,125327,2,60
OC183,베트남법인,VND,2025-04,1415733.0,79281,2,60
OC183,베트남법인,VND,2025-06,2630758.0,147322,2,60
OC183,베트남법인,VND,2025-07,1206206.0,67548,2,60
OC184,미국법인,USD,2025-02,75858.14,104684233,1,90
OC184,미국법인,USD,2025-03,292081.3,403072194,4,90
OC184,미국법인,USD,2025-05,110145.85,152001273,1,90
OC184,미국법인,USD,2025-06,131982.6,182135988,2,90
OC184,미국법인,USD,2025-07,11306.22,15602584,1,90
OC185,중국법인,CNY,2025-02,1443395.0,274245050,2,30
OC185,중국법인,CNY,2025-04,4577555.0,869735450,2,30
OC185,중국법인,CNY,2025-06,1251841.0,237849790,1,30
OC185,중국법인,CNY,2025-08,1277147.0,242657930,1,30
OC186,독일법인,EUR,2025-02,13005.61,19508415,1,45
OC186,독일법인,EUR,2025-03,59694.93,89542395,2,45
OC186,독일법인,EUR,2025-04,73412.56,110118840,2,45
OC186,독일법인,EUR,2025-05,12335.5,18503250,1,45
OC186,독일법인,EUR,2025-06,207587.06,311380590,5,45
OC186,독일법인,EUR,2025-07,110748.43,166122645,1,45
OC187,싱가포르법인,SGD,2025-01,8961.92,9141158,1,30
OC187,싱가포르법인,SGD,2025-06,28816.879999999997,29393217,2,30
OC187,싱가포르법인,SGD,2025-07,79961.2,81560424,2,30
OC187,싱가포르법인,SGD,2025-08,103037.29999999999,105098046,2,30
OC188,싱가포르법인,SGD,2025-01,75327.33,76833876,3,45
OC188,싱가포르법인,SGD,2025-03,153158.06,156221221,2,45
OC188,싱가포르법인,SGD,2025-04,103891.89,105969728,1,45
OC188,싱가포르법인,SGD,2025-06,141453.26,144282325,2,45
OC188,싱가포르법인,SGD,2025-07,278393.74,283961615,4,45
OC188,싱가포르법인,SGD,2025-08,27773.1,28328562,1,45
OC189,싱가포르법인,SGD,2025-01,166351.84,169678876,2,60
OC189,싱가포르법인,SGD,2025-02,107908.86,110067037,3,60
OC189,싱가포르법인,SGD,2025-03,47181.4,48125028,1,60
OC189,싱가포르법인,SGD,2025-04,35616.29,36328616,1,60
OC189,싱가포르법인,SGD,2025-05,283855.85,289532967,3,60
OC190,독일법인,EUR,2025-01,137151.40000000002,205727100,3,45
OC190,독일법인,EUR,2025-05,81781.61,122672415,1,45
OC190,독일법인,EUR,2025-06,79148.55,118722825,2,45
OC190,독일법인,EUR,2025-07,101896.1,152844150,2,45
OC191,독일법인,EUR,2025-01,58315.5,87473250,2,30
OC191,독일법인,EUR,2025-04,64110.74,96166110,2,30
OC191,독일법인,EUR,2025-06,116592.94,174889410,1,30
OC191,독일법인,EUR,2025-07,15185.13,22777695,1,30
OC191,독일법인,EUR,2025-08,79200.68,118801020,1,30
OC192,베트남법인,VND,2025-01,451107.0,25262,1,90
OC192,베트남법인,VND,2025-03,2610768.0,146203,1,90
OC192,베트남법인,VND,2025-05,2827905.0,158363,1,90
OC192,베트남법인,VND,2025-06,2974625.0,166579,2,90
OC192,베트남법인,VND,2025-07,476414.0,26679,1,90
OC192,베트남법인,VND,2025-08,1010510.0,56589,1,90
OC193,독일법인,EUR,2025-01,29268.97,43903455,1,90
OC193,독일법인,EUR,2025-02,51494.72,77242080,1,90
OC193,독일법인,EUR,2025-05,34512.54,51768810,1,90
OC193,독일법인,EUR,2025-06,113325.39,169988085,2,90
OC193,독일법인,EUR,2025-07,87044.47,130566705,1,90
OC193,독일법인,EUR,2025-08,39732.01,59598015,1,90
OC194,미국법인,USD,2025-02,143903.18,198586389,4,30
OC194,미국법인,USD,2025-03,336535.86,464419487,4,30
OC194,미국법인,USD,2025-04,38231.03,52758821,1,30
OC194,미국법인,USD,2025-05,22378.76,30882689,2,30
OC194,미국법인,USD,2025-06,94542.97,130469299,1,30
OC194,미국법인,USD,2025-08,128109.84,176791579,2,30
OC195,중국법인,CNY,2025-02,1494805.0,284012950,1,60
OC195,중국법인,CNY,2025-04,2932317.0,557140230,2,60
OC195,중국법인,CNY,2025-05,3496757.0,664383830,3,60
OC195,중국법인,CNY,2025-08,148290.0,28175100,1,60
OC196,독일법인,EUR,2025-01,63895.2,95842800,1,60
OC196,독일법인,EUR,2025-02,176642.33000000002,264963495,2,60
OC196,독일법인,EUR,2025-03,247469.99,371204985,4,60
OC196,독일법인,EUR,2025-04,200481.21000000002,300721815,2,60
OC196,독일법인,EUR,2025-07,60657.91,90986865,1,60
OC196,독일법인,EUR,2025-08,105066.84,157600260,1,60
OC197,중국법인,CNY,2025-01,4953436.0,941152840,3,90
OC197,중국법인,CNY,2025-02,714918.0,135834420,1,90
OC197,중국법인,CNY,2025-03,2697492.0,512523480,3,90
OC197,중국법인,CNY,2025-04,1670247.0,317346930,1,90
OC197,중국법인,CNY,2025-05,3461324.0,657651560,3,90
OC197,중국법인,CNY,2025-06,1716352.0,326106880,1,90
OC197,중국법인,CNY,2025-07,2462979.0,467966010,1,90
OC198,싱가포르법인,SGD,2025-01,97516.61,99466942,2,90
OC198,싱가포르법인,SGD,2025-02,141976.53999999998,144816070,2,90
OC198,싱가포르법인,SGD,2025-03,56220.42,57344828,1,90
OC198,싱가포르법인,SGD,2025-04,106447.22,108576164,1,90
OC198,싱가포르법인,SGD,2025-06,20311.73,20717965,1,90
OC198,싱가포르법인,SGD,2025-07,173593.53999999998,177065411,2,90
OC199,중국법인,CNY,2025-01,2817536.0,535331840,1,30
OC199,중국법인,CNY,2025-02,1806930.0,343316700,1,30
OC199,중국법인,CNY,2025-03,5357882.0,1017997580,3,30
OC199,중국법인,CNY,2025-04,761094.0,144607860,2,30
OC199,중국법인,CNY,2025-05,3108348.0,590586120,2,30
OC199,중국법인,CNY,2025-06,1153096.0,219088240,2,30
OC200,중국법인,CNY,2025-01,894191.0,169896290,1,30
OC200,중국법인,CNY,2025-02,1687595.0,320643050,1,30
OC200,중국법인,CNY,2025-03,1794957.0,341041830,1,30
OC200,중국법인,CNY,2025-04,3478626.0,660938940,3,30
OC200,중국법인,CNY,2025-05,2067535.0,392831650,1,30
