충당금ID,채권ID,법인명,고객ID,연령구간,채권잔액_KRW,적용예상손실율,대손충당금_KRW,충당금구분,설정일
AL01481,AR0002,미국법인,OC001,91-180일,118896136,0.4899,58247217,개별평가,2025-06-30
AL01482,AR0004,미국법인,OC001,61-90일,53051685,0.2155,11432638,개별평가,2025-06-30
AL01483,AR0005,미국법인,OC001,1-30일,35070768,0.0363,1273069,집합평가,2025-06-30
AL01484,AR0006,미국법인,OC001,31-60일,62099117,0.1096,6806063,집합평가,2025-06-30
AL01485,AR0013,싱가포르법인,OC002,1-30일,58840730,0.0643,3783459,집합평가,2025-06-30
AL01486,AR0014,싱가포르법인,OC002,61-90일,34153547,0.1577,5386014,개별평가,2025-06-30
AL01487,AR0026,싱가포르법인,OC003,1-30일,22686687,0.0156,353912,집합평가,2025-06-30
AL01488,AR0031,싱가포르법인,OC003,61-90일,11166277,0.1908,2130526,개별평가,2025-06-30
AL01489,AR0033,싱가포르법인,OC003,61-90일,5463650,0.1725,942480,개별평가,2025-06-30
AL01490,AR0034,중국법인,OC004,1-30일,23007670,0.0629,1447182,집합평가,2025-06-30
AL01491,AR0042,중국법인,OC004,61-90일,126200375,0.2793,35247765,개별평가,2025-06-30
AL01492,AR0046,중국법인,OC004,31-60일,21211030,0.0991,2102013,집합평가,2025-06-30
AL01493,AR0052,중국법인,OC005,91-180일,129746820,0.4415,57283221,개별평가,2025-06-30
AL01494,AR0055,중국법인,OC005,91-180일,87295880,0.4539,39623600,개별평가,2025-06-30
AL01495,AR0060,독일법인,OC006,61-90일,51300060,0.2262,11604074,개별평가,2025-06-30
AL01496,AR0063,독일법인,OC006,61-90일,17514105,0.2047,3585137,개별평가,2025-06-30
AL01497,AR0064,독일법인,OC006,91-180일,56092755,0.386,21651803,개별평가,2025-06-30
AL01498,AR0066,독일법인,OC006,61-90일,62458050,0.2173,13572134,개별평가,2025-06-30
AL01499,AR0068,베트남법인,OC007,91-180일,70787,0.4464,31599,개별평가,2025-06-30
AL01500,AR0069,베트남법인,OC007,1-30일,112252,0.054,6062,집합평가,2025-06-30
AL01501,AR0070,베트남법인,OC007,31-60일,128954,0.1137,14662,집합평가,2025-06-30
AL01502,AR0077,중국법인,OC008,1-30일,191138195,0.0,0,집합평가,2025-06-30
AL01503,AR0081,중국법인,OC008,91-180일,495722730,0.5046,250141690,개별평가,2025-06-30
AL01504,AR0084,싱가포르법인,OC009,1-30일,54763127,0.0,0,집합평가,2025-06-30
AL01505,AR0085,싱가포르법인,OC009,61-90일,101691970,0.19,19321474,개별평가,2025-06-30
AL01506,AR0093,싱가포르법인,OC010,31-60일,25960285,0.0226,586702,집합평가,2025-06-30
AL01507,AR0095,싱가포르법인,OC010,61-90일,52418585,0.1239,6494663,개별평가,2025-06-30
AL01508,AR0097,싱가포르법인,OC010,1-30일,7314114,0.0221,161642,집합평가,2025-06-30
AL01509,AR0099,싱가포르법인,OC010,1-30일,48798361,0.067,3269490,집합평가,2025-06-30
AL01510,AR0100,싱가포르법인,OC010,31-60일,122106311,0.0329,4017298,집합평가,2025-06-30
AL01511,AR0102,싱가포르법인,OC010,1-30일,3140274,0.0158,49616,집합평가,2025-06-30
AL01512,AR0103,중국법인,OC011,31-60일,66756690,0.1059,7069533,집합평가,2025-06-30
AL01513,AR0106,중국법인,OC011,1-30일,392105850,0.0,0,집합평가,2025-06-30
AL01514,AR0107,중국법인,OC011,61-90일,474595680,0.1618,76789581,개별평가,2025-06-30
AL01515,AR0115,싱가포르법인,OC012,31-60일,42728392,0.1105,4721487,집합평가,2025-06-30
AL01516,AR0116,싱가포르법인,OC012,91-180일,90715995,0.4341,39379813,개별평가,2025-06-30
AL01517,AR0117,싱가포르법인,OC012,1-30일,80422736,0.0046,369945,집합평가,2025-06-30
AL01518,AR0125,미국법인,OC013,91-180일,75723125,0.4192,31743134,개별평가,2025-06-30
AL01519,AR0126,미국법인,OC013,1-30일,61329560,0.0183,1122331,집합평가,2025-06-30
AL01520,AR0128,미국법인,OC013,31-60일,54915568,0.0817,4486602,집합평가,2025-06-30
AL01521,AR0131,미국법인,OC013,91-180일,67615198,0.4319,29203004,개별평가,2025-06-30
AL01522,AR0133,베트남법인,OC014,1-30일,152002,0.0656,9971,집합평가,2025-06-30
AL01523,AR0134,베트남법인,OC014,91-180일,57580,0.4467,25721,개별평가,2025-06-30
AL01524,AR0135,베트남법인,OC014,1-30일,82600,0.0,0,집합평가,2025-06-30
AL01525,AR0137,베트남법인,OC014,1-30일,45273,0.0505,2286,집합평가,2025-06-30
AL01526,AR0138,베트남법인,OC014,1-30일,153252,0.0227,3479,집합평가,2025-06-30
AL01527,AR0141,미국법인,OC015,31-60일,31617014,0.093,2940382,집합평가,2025-06-30
AL01528,AR0148,미국법인,OC015,61-90일,68715817,0.1889,12980418,개별평가,2025-06-30
AL01529,AR0149,미국법인,OC015,1-30일,31168445,0.027,841548,집합평가,2025-06-30
AL01530,AR0150,독일법인,OC016,61-90일,10116300,0.223,2255935,개별평가,2025-06-30
AL01531,AR0151,독일법인,OC016,61-90일,62276355,0.145,9030071,개별평가,2025-06-30
AL01532,AR0152,독일법인,OC016,61-90일,40814415,0.1964,8015951,개별평가,2025-06-30
AL01533,AR0156,중국법인,OC017,1-30일,280080710,0.0,0,집합평가,2025-06-30
AL01534,AR0158,중국법인,OC017,91-180일,279763600,0.3915,109527449,개별평가,2025-06-30
AL01535,AR0159,중국법인,OC017,1-30일,153725675,0.0706,10853033,집합평가,2025-06-30
AL01536,AR0161,중국법인,OC017,61-90일,240861100,0.1953,47040173,개별평가,2025-06-30
AL01537,AR0162,중국법인,OC017,31-60일,121566750,0.1236,15025650,집합평가,2025-06-30
AL01538,AR0164,중국법인,OC017,61-90일,220189955,0.1849,40713123,개별평가,2025-06-30
AL01539,AR0170,싱가포르법인,OC018,91-180일,54046016,0.4729,25558361,개별평가,2025-06-30
AL01540,AR0178,싱가포르법인,OC018,91-180일,30378344,0.4415,13412039,개별평가,2025-06-30
AL01541,AR0182,독일법인,OC019,91-180일,60980655,0.4363,26605860,개별평가,2025-06-30
AL01542,AR0184,독일법인,OC019,61-90일,161775480,0.1451,23473622,개별평가,2025-06-30
AL01543,AR0185,독일법인,OC019,31-60일,160068135,0.0955,15286507,집합평가,2025-06-30
AL01544,AR0186,독일법인,OC019,61-90일,38845995,0.2132,8281966,개별평가,2025-06-30
AL01545,AR0191,독일법인,OC020,1-30일,170201790,0.0033,561666,집합평가,2025-06-30
AL01546,AR0192,독일법인,OC020,1-30일,42441330,0.0197,836094,집합평가,2025-06-30
AL01547,AR0193,독일법인,OC020,91-180일,80444250,0.4818,38758040,개별평가,2025-06-30
AL01548,AR0198,독일법인,OC020,91-180일,110741385,0.4492,49745030,개별평가,2025-06-30
AL01549,AR0200,독일법인,OC020,61-90일,10295925,0.228,2347471,개별평가,2025-06-30
AL01550,AR0202,베트남법인,OC021,1-30일,61537,0.0,0,집합평가,2025-06-30
AL01551,AR0204,베트남법인,OC021,61-90일,38609,0.1979,7641,개별평가,2025-06-30
AL01552,AR0205,베트남법인,OC021,1-30일,29865,0.0191,570,집합평가,2025-06-30
AL01553,AR0209,싱가포르법인,OC022,91-180일,70590171,0.44,31059675,개별평가,2025-06-30
AL01554,AR0213,싱가포르법인,OC022,61-90일,36897674,0.206,7600921,개별평가,2025-06-30
AL01555,AR0214,싱가포르법인,OC022,91-180일,49417766,0.4321,21353417,개별평가,2025-06-30
AL01556,AR0226,중국법인,OC023,1-30일,271818845,0.0254,6904199,집합평가,2025-06-30
AL01557,AR0227,중국법인,OC023,61-90일,352890990,0.2108,74389421,개별평가,2025-06-30
AL01558,AR0231,중국법인,OC023,31-60일,328558070,0.1028,33775770,집합평가,2025-06-30
AL01559,AR0233,미국법인,OC024,61-90일,70211681,0.2486,17454624,개별평가,2025-06-30
AL01560,AR0234,미국법인,OC024,1-30일,49313486,0.0,0,집합평가,2025-06-30
AL01561,AR0243,미국법인,OC024,1-30일,40637536,0.0636,2584547,집합평가,2025-06-30
AL01562,AR0247,싱가포르법인,OC025,1-30일,29480122,0.0,0,집합평가,2025-06-30
AL01563,AR0251,싱가포르법인,OC025,31-60일,36617612,0.0517,1893131,집합평가,2025-06-30
AL01564,AR0253,싱가포르법인,OC025,91-180일,80846128,0.4695,37957257,개별평가,2025-06-30
AL01565,AR0254,싱가포르법인,OC025,61-90일,87643561,0.2661,23321952,개별평가,2025-06-30
AL01566,AR0256,싱가포르법인,OC025,1-30일,106608187,0.0064,682292,집합평가,2025-06-30
AL01567,AR0258,싱가포르법인,OC025,1-30일,19644088,0.0093,182690,집합평가,2025-06-30
AL01568,AR0259,싱가포르법인,OC025,31-60일,64690379,0.0929,6009736,집합평가,2025-06-30
AL01569,AR0262,싱가포르법인,OC026,31-60일,28558817,0.0936,2673105,집합평가,2025-06-30
AL01570,AR0268,싱가포르법인,OC026,91-180일,44370551,0.4427,19642843,개별평가,2025-06-30
AL01571,AR0269,싱가포르법인,OC026,91-180일,8090507,0.4419,3575195,개별평가,2025-06-30
AL01572,AR0272,독일법인,OC027,1-30일,89242290,0.0,0,집합평가,2025-06-30
AL01573,AR0276,독일법인,OC027,31-60일,48527130,0.0985,4779922,집합평가,2025-06-30
AL01574,AR0277,중국법인,OC028,1-30일,40209320,0.0282,1133903,집합평가,2025-06-30
AL01575,AR0278,중국법인,OC028,91-180일,239540790,0.4123,98762668,개별평가,2025-06-30
AL01576,AR0281,중국법인,OC028,91-180일,564480690,0.4447,251024563,개별평가,2025-06-30
AL01577,AR0283,중국법인,OC028,1-30일,91312195,0.0534,4876071,집합평가,2025-06-30
AL01578,AR0287,미국법인,OC029,91-180일,69210933,0.4926,34093306,개별평가,2025-06-30
AL01579,AR0291,미국법인,OC029,31-60일,68205203,0.1252,8539291,집합평가,2025-06-30
AL01580,AR0296,미국법인,OC030,91-180일,56286874,0.4674,26308485,개별평가,2025-06-30
AL01581,AR0299,미국법인,OC030,1-30일,71953324,0.049,3525713,집합평가,2025-06-30
AL01582,AR0300,미국법인,OC030,61-90일,50928886,0.2008,10226520,개별평가,2025-06-30
AL01583,AR0302,미국법인,OC030,31-60일,40128026,0.056,2247169,집합평가,2025-06-30
AL01584,AR0304,미국법인,OC030,61-90일,163860717,0.2285,37442174,개별평가,2025-06-30
AL01585,AR0305,미국법인,OC030,91-180일,52615315,0.4046,21288156,개별평가,2025-06-30
AL01586,AR0311,독일법인,OC031,91-180일,176280255,0.4491,79167463,개별평가,2025-06-30
AL01587,AR0318,싱가포르법인,OC032,31-60일,40998665,0.0841,3447988,집합평가,2025-06-30
AL01588,AR0319,싱가포르법인,OC032,31-60일,86247885,0.0886,7641563,집합평가,2025-06-30
AL01589,AR0329,싱가포르법인,OC032,1-30일,21476824,0.002,42954,집합평가,2025-06-30
AL01590,AR0335,중국법인,OC033,31-60일,83398220,0.0778,6488382,집합평가,2025-06-30
AL01591,AR0338,중국법인,OC033,91-180일,82501420,0.496,40920704,개별평가,2025-06-30
AL01592,AR0340,싱가포르법인,OC034,31-60일,33883380,0.1213,4110054,집합평가,2025-06-30
AL01593,AR0343,싱가포르법인,OC034,61-90일,50428790,0.2248,11336392,개별평가,2025-06-30
AL01594,AR0345,싱가포르법인,OC034,31-60일,88875344,0.0687,6105736,집합평가,2025-06-30
AL01595,AR0351,싱가포르법인,OC034,1-30일,39591739,0.0461,1825179,집합평가,2025-06-30
AL01596,AR0357,미국법인,OC035,31-60일,10858613,0.0967,1050028,집합평가,2025-06-30
AL01597,AR0358,미국법인,OC035,91-180일,101666836,0.4865,49460916,개별평가,2025-06-30
AL01598,AR0359,미국법인,OC035,61-90일,79493630,0.1558,12385108,개별평가,2025-06-30
AL01599,AR0360,미국법인,OC035,1-30일,19653077,0.0,0,집합평가,2025-06-30
AL01600,AR0361,미국법인,OC035,31-60일,53760674,0.0941,5058879,집합평가,2025-06-30
AL01601,AR0364,미국법인,OC035,1-30일,59521222,0.0084,499978,집합평가,2025-06-30
AL01602,AR0370,독일법인,OC036,1-30일,8943465,0.0,0,집합평가,2025-06-30
AL01603,AR0373,독일법인,OC036,91-180일,126787185,0.4726,59919624,개별평가,2025-06-30
AL01604,AR0375,독일법인,OC036,31-60일,79939080,0.0911,7282450,집합평가,2025-06-30
AL01605,AR0378,중국법인,OC037,31-60일,167201140,0.0203,3394183,집합평가,2025-06-30
AL01606,AR0379,중국법인,OC037,91-180일,52231475,0.4794,25039769,개별평가,2025-06-30
AL01607,AR0383,중국법인,OC037,31-60일,371977250,0.0993,36937341,집합평가,2025-06-30
AL01608,AR0384,중국법인,OC037,31-60일,277637310,0.074,20545161,집합평가,2025-06-30
AL01609,AR0385,베트남법인,OC038,61-90일,150115,0.1992,29903,개별평가,2025-06-30
AL01610,AR0392,싱가포르법인,OC039,61-90일,8859628,0.2382,2110363,개별평가,2025-06-30
AL01611,AR0395,싱가포르법인,OC039,61-90일,73805843,0.1844,13609797,개별평가,2025-06-30
AL01612,AR0398,싱가포르법인,OC039,31-60일,61152764,0.0812,4965604,집합평가,2025-06-30
AL01613,AR0400,중국법인,OC040,61-90일,194938670,0.2261,44075633,개별평가,2025-06-30
AL01614,AR0415,싱가포르법인,OC041,91-180일,64827232,0.4645,30112249,개별평가,2025-06-30
AL01615,AR0416,싱가포르법인,OC041,61-90일,90385433,0.2271,20526532,개별평가,2025-06-30
AL01616,AR0425,중국법인,OC042,61-90일,299941600,0.2415,72435896,개별평가,2025-06-30
AL01617,AR0428,중국법인,OC042,91-180일,167009145,0.4313,72031044,개별평가,2025-06-30
AL01618,AR0437,싱가포르법인,OC043,31-60일,26873042,0.1019,2738363,집합평가,2025-06-30
AL01619,AR0438,싱가포르법인,OC043,1-30일,33831166,0.0288,974338,집합평가,2025-06-30
AL01620,AR0446,싱가포르법인,OC044,61-90일,97825538,0.2237,21883573,개별평가,2025-06-30
AL01621,AR0449,싱가포르법인,OC044,1-30일,27294812,0.0473,1291045,집합평가,2025-06-30
AL01622,AR0450,중국법인,OC045,61-90일,87821895,0.1622,14244711,개별평가,2025-06-30
AL01623,AR0452,중국법인,OC045,91-180일,321126030,0.4146,133138852,개별평가,2025-06-30
AL01624,AR0460,중국법인,OC045,91-180일,45992730,0.4892,22499644,개별평가,2025-06-30
AL01625,AR0462,중국법인,OC045,1-30일,142002390,0.0246,3493259,집합평가,2025-06-30
AL01626,AR0463,싱가포르법인,OC046,91-180일,33576370,0.4543,15253745,개별평가,2025-06-30
AL01627,AR0466,싱가포르법인,OC046,1-30일,58240878,0.0184,1071632,집합평가,2025-06-30
AL01628,AR0469,싱가포르법인,OC046,1-30일,29349113,0.043,1262012,집합평가,2025-06-30
AL01629,AR0476,독일법인,OC047,61-90일,60361920,0.2097,12657895,개별평가,2025-06-30
AL01630,AR0485,독일법인,OC048,1-30일,79718190,0.01,797182,집합평가,2025-06-30
AL01631,AR0492,독일법인,OC048,31-60일,91236480,0.1542,14068665,집합평가,2025-06-30
AL01632,AR0500,미국법인,OC049,1-30일,41258219,0.0087,358947,집합평가,2025-06-30
AL01633,AR0502,미국법인,OC049,1-30일,59840871,0.0534,3195503,집합평가,2025-06-30
AL01634,AR0514,중국법인,OC050,91-180일,221066330,0.4593,101535765,개별평가,2025-06-30
AL01635,AR0515,중국법인,OC050,1-30일,262226505,0.0273,7158784,집합평가,2025-06-30
AL01636,AR0517,중국법인,OC051,61-90일,282395290,0.2407,67972546,개별평가,2025-06-30
AL01637,AR0519,중국법인,OC051,1-30일,90373595,0.007,632615,집합평가,2025-06-30
AL01638,AR0521,중국법인,OC051,1-30일,72537060,0.0441,3198884,집합평가,2025-06-30
AL01639,AR0523,중국법인,OC051,91-180일,153678080,0.4948,76039914,개별평가,2025-06-30
AL01640,AR0525,중국법인,OC051,91-180일,77529025,0.4473,34678733,개별평가,2025-06-30
AL01641,AR0527,중국법인,OC051,61-90일,205694760,0.166,34145330,개별평가,2025-06-30
AL01642,AR0529,싱가포르법인,OC052,61-90일,38684326,0.1886,7295864,개별평가,2025-06-30
AL01643,AR0531,싱가포르법인,OC052,61-90일,41304472,0.2085,8611982,개별평가,2025-06-30
AL01644,AR0538,미국법인,OC053,61-90일,52505688,0.1922,10091593,개별평가,2025-06-30
AL01645,AR0539,미국법인,OC053,91-180일,41289241,0.4701,19410072,개별평가,2025-06-30
AL01646,AR0553,미국법인,OC055,61-90일,40228822,0.157,6315925,개별평가,2025-06-30
AL01647,AR0556,미국법인,OC055,61-90일,106487962,0.1537,16367200,개별평가,2025-06-30
AL01648,AR0557,미국법인,OC055,61-90일,5995424,0.1721,1031812,개별평가,2025-06-30
AL01649,AR0573,싱가포르법인,OC056,91-180일,70676351,0.4611,32588865,개별평가,2025-06-30
AL01650,AR0575,싱가포르법인,OC056,1-30일,33602044,0.025,840051,집합평가,2025-06-30
AL01651,AR0582,싱가포르법인,OC057,31-60일,91264724,0.0748,6826601,집합평가,2025-06-30
AL01652,AR0583,싱가포르법인,OC057,91-180일,51131264,0.4194,21444452,개별평가,2025-06-30
AL01653,AR0585,싱가포르법인,OC057,31-60일,29273276,0.0596,1744687,집합평가,2025-06-30
AL01654,AR0590,미국법인,OC058,1-30일,39606856,0.0286,1132756,집합평가,2025-06-30
AL01655,AR0593,미국법인,OC058,91-180일,15739162,0.4646,7312415,개별평가,2025-06-30
AL01656,AR0597,싱가포르법인,OC059,61-90일,49364348,0.2012,9932107,개별평가,2025-06-30
AL01657,AR0599,싱가포르법인,OC059,91-180일,82766411,0.4667,38627084,개별평가,2025-06-30
AL01658,AR0601,싱가포르법인,OC059,31-60일,100674928,0.0375,3775310,집합평가,2025-06-30
AL01659,AR0606,싱가포르법인,OC059,61-90일,82562044,0.2213,18270980,개별평가,2025-06-30
AL01660,AR0610,중국법인,OC060,61-90일,179192230,0.1659,29727991,개별평가,2025-06-30
AL01661,AR0614,중국법인,OC060,61-90일,202891690,0.2054,41673953,개별평가,2025-06-30
AL01662,AR0619,독일법인,OC061,31-60일,63443220,0.0205,1300586,집합평가,2025-06-30
AL01663,AR0625,독일법인,OC061,1-30일,52763625,0.0379,1999741,집합평가,2025-06-30
AL01664,AR0627,독일법인,OC061,31-60일,57057345,0.0443,2527640,집합평가,2025-06-30
AL01665,AR0632,베트남법인,OC062,61-90일,47183,0.24,11324,개별평가,2025-06-30
AL01666,AR0633,베트남법인,OC062,31-60일,98556,0.0674,6643,집합평가,2025-06-30
AL01667,AR0636,베트남법인,OC062,31-60일,75558,0.1137,8591,집합평가,2025-06-30
AL01668,AR0639,베트남법인,OC062,1-30일,28881,0.0608,1756,집합평가,2025-06-30
AL01669,AR0642,중국법인,OC063,31-60일,14761670,0.0223,329185,집합평가,2025-06-30
AL01670,AR0653,중국법인,OC063,31-60일,115005860,0.1021,11742098,집합평가,2025-06-30
AL01671,AR0658,싱가포르법인,OC064,1-30일,11039531,0.0,0,집합평가,2025-06-30
AL01672,AR0660,싱가포르법인,OC064,91-180일,120235968,0.4429,53252510,개별평가,2025-06-30
AL01673,AR0663,싱가포르법인,OC064,61-90일,54376700,0.1531,8325073,개별평가,2025-06-30
AL01674,AR0665,베트남법인,OC065,61-90일,15430,0.2387,3683,개별평가,2025-06-30
AL01675,AR0668,베트남법인,OC065,91-180일,20369,0.5107,10402,개별평가,2025-06-30
AL01676,AR0669,베트남법인,OC065,91-180일,150256,0.4725,70996,개별평가,2025-06-30
AL01677,AR0675,싱가포르법인,OC066,1-30일,81372785,0.0141,1147356,집합평가,2025-06-30
AL01678,AR0676,싱가포르법인,OC066,1-30일,33354745,0.0208,693779,집합평가,2025-06-30
AL01679,AR0679,싱가포르법인,OC066,91-180일,46396720,0.4405,20437755,개별평가,2025-06-30
AL01680,AR0681,싱가포르법인,OC066,61-90일,120346567,0.1564,18822203,개별평가,2025-06-30
AL01681,AR0689,싱가포르법인,OC067,61-90일,86840760,0.1815,15761598,개별평가,2025-06-30
AL01682,AR0692,싱가포르법인,OC067,31-60일,9095371,0.109,991395,집합평가,2025-06-30
AL01683,AR0695,싱가포르법인,OC067,1-30일,33212618,0.01,332126,집합평가,2025-06-30
AL01684,AR0696,싱가포르법인,OC067,61-90일,76122202,0.1897,14440382,개별평가,2025-06-30
AL01685,AR0698,미국법인,OC068,91-180일,40654979,0.4085,16607559,개별평가,2025-06-30
AL01686,AR0699,미국법인,OC068,91-180일,82035701,0.46,37736422,개별평가,2025-06-30
AL01687,AR0704,중국법인,OC069,1-30일,165940490,0.0376,6239362,집합평가,2025-06-30
AL01688,AR0707,중국법인,OC069,61-90일,253692940,0.1176,29834290,개별평가,2025-06-30
AL01689,AR0713,베트남법인,OC070,1-30일,52233,0.0286,1494,집합평가,2025-06-30
AL01690,AR0714,베트남법인,OC070,1-30일,98966,0.0194,1920,집합평가,2025-06-30
AL01691,AR0720,베트남법인,OC070,1-30일,133938,0.0226,3027,집합평가,2025-06-30
AL01692,AR0721,베트남법인,OC070,31-60일,53768,0.0642,3452,집합평가,2025-06-30
AL01693,AR0722,베트남법인,OC070,91-180일,88984,0.4367,38859,개별평가,2025-06-30
AL01694,AR0723,베트남법인,OC070,31-60일,85175,0.0586,4991,집합평가,2025-06-30
AL01695,AR0727,베트남법인,OC071,1-30일,75833,0.0,0,집합평가,2025-06-30
AL01696,AR0730,베트남법인,OC071,1-30일,46274,0.0213,986,집합평가,2025-06-30
AL01697,AR0732,베트남법인,OC071,91-180일,5607,0.4117,2308,개별평가,2025-06-30
AL01698,AR0733,베트남법인,OC071,1-30일,17261,0.0,0,집합평가,2025-06-30
AL01699,AR0741,중국법인,OC072,1-30일,419494730,0.0555,23281958,집합평가,2025-06-30
AL01700,AR0742,중국법인,OC072,61-90일,420538020,0.2011,84570196,개별평가,2025-06-30
AL01701,AR0755,베트남법인,OC073,91-180일,32000,0.4377,14006,개별평가,2025-06-30
AL01702,AR0756,베트남법인,OC074,61-90일,47134,0.2525,11901,개별평가,2025-06-30
AL01703,AR0761,베트남법인,OC074,61-90일,159442,0.2013,32096,개별평가,2025-06-30
AL01704,AR0766,베트남법인,OC075,61-90일,51855,0.1726,8950,개별평가,2025-06-30
AL01705,AR0768,베트남법인,OC075,1-30일,60673,0.0152,922,집합평가,2025-06-30
AL01706,AR0774,베트남법인,OC075,31-60일,121238,0.0897,10875,집합평가,2025-06-30
AL01707,AR0775,독일법인,OC076,31-60일,62046405,0.078,4839620,집합평가,2025-06-30
AL01708,AR0785,미국법인,OC077,91-180일,4714563,0.4547,2143712,개별평가,2025-06-30
AL01709,AR0798,싱가포르법인,OC078,91-180일,77405964,0.4262,32990422,개별평가,2025-06-30
AL01710,AR0808,싱가포르법인,OC078,91-180일,21844708,0.4769,10417741,개별평가,2025-06-30
AL01711,AR0811,미국법인,OC079,1-30일,6380071,0.0,0,집합평가,2025-06-30
AL01712,AR0830,싱가포르법인,OC081,31-60일,22588237,0.0632,1427577,집합평가,2025-06-30
AL01713,AR0832,싱가포르법인,OC081,31-60일,83707198,0.0533,4461594,집합평가,2025-06-30
AL01714,AR0833,싱가포르법인,OC081,91-180일,40495540,0.4666,18895219,개별평가,2025-06-30
AL01715,AR0834,미국법인,OC082,61-90일,147510367,0.2401,35417239,개별평가,2025-06-30
AL01716,AR0835,미국법인,OC082,61-90일,108856815,0.2331,25374524,개별평가,2025-06-30
AL01717,AR0844,미국법인,OC083,31-60일,111165555,0.0747,8304067,집합평가,2025-06-30
AL01718,AR0846,미국법인,OC083,1-30일,17148887,0.0664,1138686,집합평가,2025-06-30
AL01719,AR0847,미국법인,OC083,61-90일,13412648,0.1969,2640950,개별평가,2025-06-30
AL01720,AR0849,미국법인,OC083,31-60일,21189472,0.0706,1495977,집합평가,2025-06-30
AL01721,AR0851,미국법인,OC083,91-180일,134699399,0.4571,61571095,개별평가,2025-06-30
AL01722,AR0853,중국법인,OC084,91-180일,395972540,0.4737,187572192,개별평가,2025-06-30
AL01723,AR0857,중국법인,OC084,1-30일,232054885,0.0,0,집합평가,2025-06-30
AL01724,AR0858,중국법인,OC084,1-30일,238277480,0.0397,9459616,집합평가,2025-06-30
AL01725,AR0861,독일법인,OC085,91-180일,69023985,0.4331,29894288,개별평가,2025-06-30
AL01726,AR0865,독일법인,OC085,91-180일,158912235,0.4289,68157458,개별평가,2025-06-30
AL01727,AR0867,독일법인,OC085,91-180일,138212310,0.4503,62237003,개별평가,2025-06-30
AL01728,AR0868,독일법인,OC085,61-90일,64850070,0.1429,9267075,개별평가,2025-06-30
AL01729,AR0869,독일법인,OC085,61-90일,29912880,0.1551,4639488,개별평가,2025-06-30
AL01730,AR0873,중국법인,OC086,91-180일,111389590,0.4019,44767476,개별평가,2025-06-30
AL01731,AR0874,중국법인,OC086,1-30일,429956510,0.0,0,집합평가,2025-06-30
AL01732,AR0875,중국법인,OC086,61-90일,279293350,0.2382,66527676,개별평가,2025-06-30
AL01733,AR0876,중국법인,OC086,61-90일,228300200,0.224,51139245,개별평가,2025-06-30
AL01734,AR0879,중국법인,OC086,91-180일,268275630,0.4663,125096926,개별평가,2025-06-30
AL01735,AR0881,중국법인,OC086,31-60일,249068435,0.0796,19825847,집합평가,2025-06-30
AL01736,AR0884,중국법인,OC086,61-90일,522338690,0.2109,110161230,개별평가,2025-06-30
AL01737,AR0887,미국법인,OC087,91-180일,126275782,0.4653,58756121,개별평가,2025-06-30
AL01738,AR0891,미국법인,OC087,1-30일,139051905,0.0,0,집합평가,2025-06-30
AL01739,AR0895,미국법인,OC088,1-30일,94905263,0.0266,2524480,집합평가,2025-06-30
AL01740,AR0904,미국법인,OC089,31-60일,118095556,0.0125,1476194,집합평가,2025-06-30
AL01741,AR0907,미국법인,OC089,1-30일,3565575,0.0573,204307,집합평가,2025-06-30
AL01742,AR0915,미국법인,OC090,1-30일,140662793,0.0223,3136780,집합평가,2025-06-30
AL01743,AR0927,미국법인,OC091,1-30일,8055212,0.0097,78136,집합평가,2025-06-30
AL01744,AR0929,미국법인,OC092,61-90일,113194348,0.1788,20239149,개별평가,2025-06-30
AL01745,AR0931,미국법인,OC092,91-180일,29647920,0.375,11117970,개별평가,2025-06-30
AL01746,AR0932,미국법인,OC092,1-30일,23792345,0.005,118962,집합평가,2025-06-30
AL01747,AR0937,미국법인,OC092,91-180일,8181302,0.4677,3826395,개별평가,2025-06-30
AL01748,AR0939,베트남법인,OC093,91-180일,54999,0.459,25245,개별평가,2025-06-30
AL01749,AR0941,베트남법인,OC093,1-30일,19669,0.0,0,집합평가,2025-06-30
AL01750,AR0945,베트남법인,OC093,31-60일,77733,0.0935,7268,집합평가,2025-06-30
AL01751,AR0947,베트남법인,OC094,91-180일,133760,0.4917,65770,개별평가,2025-06-30
AL01752,AR0949,베트남법인,OC094,1-30일,75650,0.045,3404,집합평가,2025-06-30
AL01753,AR0958,중국법인,OC095,61-90일,548928430,0.2394,131413466,개별평가,2025-06-30
AL01754,AR0975,미국법인,OC097,1-30일,131595020,0.0417,5487512,집합평가,2025-06-30
AL01755,AR0980,미국법인,OC097,91-180일,27264315,0.4788,13054154,개별평가,2025-06-30
AL01756,AR0985,중국법인,OC098,31-60일,123004955,0.0437,5375317,집합평가,2025-06-30
AL01757,AR0987,중국법인,OC098,1-30일,323235220,0.0,0,집합평가,2025-06-30
AL01758,AR0990,독일법인,OC099,31-60일,163812900,0.0216,3538359,집합평가,2025-06-30
AL01759,AR0991,독일법인,OC099,31-60일,16251195,0.1056,1716126,집합평가,2025-06-30
AL01760,AR0995,독일법인,OC099,31-60일,59092140,0.0886,5235564,집합평가,2025-06-30
AL01761,AR0997,베트남법인,OC100,31-60일,99820,0.0883,8814,집합평가,2025-06-30
AL01762,AR1001,베트남법인,OC100,31-60일,39283,0.0637,2502,집합평가,2025-06-30
AL01763,AR1003,베트남법인,OC100,91-180일,21051,0.4626,9738,개별평가,2025-06-30
AL01764,AR1008,베트남법인,OC100,31-60일,128586,0.0524,6738,집합평가,2025-06-30
AL01765,AR1016,독일법인,OC102,1-30일,179727405,0.0061,1096337,집합평가,2025-06-30
AL01766,AR1021,독일법인,OC102,31-60일,153683190,0.0311,4779547,집합평가,2025-06-30
AL01767,AR1022,독일법인,OC102,31-60일,27349170,0.0745,2037513,집합평가,2025-06-30
AL01768,AR1023,독일법인,OC102,61-90일,163582875,0.1676,27416490,개별평가,2025-06-30
AL01769,AR1024,독일법인,OC102,61-90일,83085105,0.2105,17489415,개별평가,2025-06-30
AL01770,AR1025,독일법인,OC102,91-180일,31764525,0.4861,15440736,개별평가,2025-06-30
AL01771,AR1028,독일법인,OC102,31-60일,67061910,0.0361,2420935,집합평가,2025-06-30
AL01772,AR1032,싱가포르법인,OC103,61-90일,45796113,0.1768,8096753,개별평가,2025-06-30
AL01773,AR1038,싱가포르법인,OC103,91-180일,38598728,0.456,17601020,개별평가,2025-06-30
AL01774,AR1040,미국법인,OC104,1-30일,34663999,0.0024,83194,집합평가,2025-06-30
AL01775,AR1043,미국법인,OC104,91-180일,157249813,0.4596,72272014,개별평가,2025-06-30
AL01776,AR1047,미국법인,OC104,91-180일,153599561,0.4524,69488441,개별평가,2025-06-30
AL01777,AR1048,미국법인,OC104,1-30일,27150989,0.0,0,집합평가,2025-06-30
AL01778,AR1053,미국법인,OC105,31-60일,24366853,0.0976,2378205,집합평가,2025-06-30
AL01779,AR1059,미국법인,OC105,61-90일,82483635,0.1606,13246872,개별평가,2025-06-30
AL01780,AR1060,미국법인,OC105,91-180일,108640748,0.5316,57753422,개별평가,2025-06-30
AL01781,AR1063,싱가포르법인,OC106,61-90일,44998820,0.2113,9508251,개별평가,2025-06-30
AL01782,AR1064,싱가포르법인,OC106,31-60일,47271563,0.0804,3800634,집합평가,2025-06-30
AL01783,AR1065,싱가포르법인,OC106,31-60일,13938535,0.0691,963153,집합평가,2025-06-30
AL01784,AR1069,싱가포르법인,OC106,1-30일,75547096,0.0299,2258858,집합평가,2025-06-30
AL01785,AR1073,싱가포르법인,OC107,91-180일,47386793,0.4721,22371305,개별평가,2025-06-30
AL01786,AR1079,싱가포르법인,OC107,61-90일,60609471,0.2118,12837086,개별평가,2025-06-30
AL01787,AR1080,미국법인,OC108,1-30일,69597195,0.0,0,집합평가,2025-06-30
AL01788,AR1083,미국법인,OC108,1-30일,66344204,0.0,0,집합평가,2025-06-30
AL01789,AR1088,미국법인,OC108,91-180일,47087021,0.4506,21217412,개별평가,2025-06-30
AL01790,AR1096,미국법인,OC109,1-30일,37925836,0.0147,557510,집합평가,2025-06-30
AL01791,AR1098,독일법인,OC110,61-90일,78103920,0.2031,15862906,개별평가,2025-06-30
AL01792,AR1099,독일법인,OC110,31-60일,177114270,0.043,7615914,집합평가,2025-06-30
AL01793,AR1102,독일법인,OC110,91-180일,122557230,0.3961,48544919,개별평가,2025-06-30
AL01794,AR1104,독일법인,OC110,61-90일,128277750,0.2144,27502750,개별평가,2025-06-30
AL01795,AR1110,독일법인,OC110,61-90일,66372540,0.2263,15020106,개별평가,2025-06-30
AL01796,AR1118,중국법인,OC111,31-60일,8374535,0.0217,181727,집합평가,2025-06-30
AL01797,AR1123,싱가포르법인,OC112,1-30일,28305836,0.049,1386986,집합평가,2025-06-30
AL01798,AR1124,싱가포르법인,OC112,61-90일,41443181,0.2218,9192098,개별평가,2025-06-30
AL01799,AR1129,중국법인,OC113,61-90일,307345140,0.1985,61008010,개별평가,2025-06-30
AL01800,AR1135,중국법인,OC113,61-90일,271663615,0.2112,57375355,개별평가,2025-06-30
AL01801,AR1141,독일법인,OC114,1-30일,68417295,0.0,0,집합평가,2025-06-30
AL01802,AR1147,독일법인,OC114,91-180일,60085845,0.4474,26882407,개별평가,2025-06-30
AL01803,AR1150,중국법인,OC115,61-90일,471446050,0.188,88631857,개별평가,2025-06-30
AL01804,AR1165,중국법인,OC117,31-60일,225125775,0.0154,3466937,집합평가,2025-06-30
AL01805,AR1167,중국법인,OC117,1-30일,158457150,0.0,0,집합평가,2025-06-30
AL01806,AR1170,중국법인,OC117,1-30일,57710790,0.0143,825264,집합평가,2025-06-30
AL01807,AR1172,중국법인,OC117,31-60일,506542660,0.0908,45994074,집합평가,2025-06-30
AL01808,AR1176,미국법인,OC118,31-60일,29524658,0.1011,2984943,집합평가,2025-06-30
AL01809,AR1181,미국법인,OC118,61-90일,49683519,0.1905,9464710,개별평가,2025-06-30
AL01810,AR1184,미국법인,OC118,31-60일,76683426,0.0778,5965971,집합평가,2025-06-30
AL01811,AR1186,미국법인,OC118,91-180일,74307549,0.3964,29455512,개별평가,2025-06-30
AL01812,AR1192,싱가포르법인,OC119,61-90일,17124617,0.1734,2969409,개별평가,2025-06-30
AL01813,AR1195,싱가포르법인,OC119,61-90일,57376234,0.128,7344158,개별평가,2025-06-30
AL01814,AR1197,싱가포르법인,OC119,91-180일,117926770,0.5048,59529433,개별평가,2025-06-30
AL01815,AR1198,싱가포르법인,OC119,91-180일,41401463,0.3893,16117590,개별평가,2025-06-30
AL01816,AR1202,미국법인,OC120,61-90일,42171875,0.1855,7822883,개별평가,2025-06-30
AL01817,AR1206,미국법인,OC120,1-30일,76716049,0.0391,2999598,집합평가,2025-06-30
AL01818,AR1207,미국법인,OC120,91-180일,46867905,0.4871,22829357,개별평가,2025-06-30
AL01819,AR1213,미국법인,OC120,61-90일,34345813,0.1579,5423204,개별평가,2025-06-30
AL01820,AR1216,미국법인,OC121,31-60일,121197741,0.0634,7683937,집합평가,2025-06-30
AL01821,AR1221,미국법인,OC121,31-60일,99198209,0.0728,7221630,집합평가,2025-06-30
AL01822,AR1223,미국법인,OC121,1-30일,39154492,0.0272,1065002,집합평가,2025-06-30
AL01823,AR1224,미국법인,OC121,31-60일,87316795,0.0527,4601595,집합평가,2025-06-30
AL01824,AR1228,중국법인,OC122,91-180일,35492950,0.4383,15556560,개별평가,2025-06-30
AL01825,AR1237,중국법인,OC123,91-180일,137280225,0.4548,62435046,개별평가,2025-06-30
AL01826,AR1239,중국법인,OC123,31-60일,20520570,0.0296,607409,집합평가,2025-06-30
AL01827,AR1243,미국법인,OC124,1-30일,123589612,0.0736,9096195,집합평가,2025-06-30
AL01828,AR1245,미국법인,OC124,91-180일,8217886,0.4835,3973348,개별평가,2025-06-30
AL01829,AR1246,미국법인,OC124,61-90일,53877574,0.149,8027759,개별평가,2025-06-30
AL01830,AR1248,미국법인,OC124,91-180일,10417054,0.4388,4571003,개별평가,2025-06-30
AL01831,AR1261,중국법인,OC125,61-90일,79109920,0.1835,14516670,개별평가,2025-06-30
AL01832,AR1269,독일법인,OC126,91-180일,32627430,0.501,16346342,개별평가,2025-06-30
AL01833,AR1270,독일법인,OC126,61-90일,44925450,0.2192,9847659,개별평가,2025-06-30
AL01834,AR1276,독일법인,OC127,1-30일,16216125,0.0106,171891,집합평가,2025-06-30
AL01835,AR1278,독일법인,OC127,31-60일,29171985,0.082,2392103,집합평가,2025-06-30
AL01836,AR1283,독일법인,OC127,1-30일,89823735,0.0137,1230585,집합평가,2025-06-30
AL01837,AR1290,독일법인,OC128,91-180일,17136540,0.4499,7709729,개별평가,2025-06-30
AL01838,AR1291,독일법인,OC128,91-180일,72693045,0.4791,34827238,개별평가,2025-06-30
AL01839,AR1301,미국법인,OC129,1-30일,113184881,0.0454,5138594,집합평가,2025-06-30
AL01840,AR1303,미국법인,OC129,91-180일,122160001,0.4023,49144968,개별평가,2025-06-30
AL01841,AR1311,미국법인,OC129,61-90일,85053098,0.2233,18992357,개별평가,2025-06-30
AL01842,AR1312,미국법인,OC129,91-180일,38161237,0.4098,15638475,개별평가,2025-06-30
AL01843,AR1319,싱가포르법인,OC130,1-30일,66930646,0.0298,1994533,집합평가,2025-06-30
AL01844,AR1323,싱가포르법인,OC130,91-180일,66668659,0.4041,26940805,개별평가,2025-06-30
AL01845,AR1325,싱가포르법인,OC130,91-180일,5952251,0.4271,2542206,개별평가,2025-06-30
AL01846,AR1328,중국법인,OC131,91-180일,283881660,0.4862,138023263,개별평가,2025-06-30
AL01847,AR1329,중국법인,OC131,1-30일,239052870,0.004,956211,집합평가,2025-06-30
AL01848,AR1331,중국법인,OC131,31-60일,261964400,0.1001,26222636,집합평가,2025-06-30
AL01849,AR1335,중국법인,OC131,31-60일,175541855,0.0901,15816321,집합평가,2025-06-30
AL01850,AR1343,중국법인,OC132,1-30일,429031400,0.0,0,집합평가,2025-06-30
AL01851,AR1345,중국법인,OC132,1-30일,185796345,0.0,0,집합평가,2025-06-30
AL01852,AR1346,중국법인,OC132,91-180일,185962975,0.4543,84482980,개별평가,2025-06-30
AL01853,AR1348,중국법인,OC132,61-90일,396543110,0.214,84860226,개별평가,2025-06-30
AL01854,AR1350,미국법인,OC133,31-60일,20463785,0.0768,1571619,집합평가,2025-06-30
AL01855,AR1352,미국법인,OC133,61-90일,36828515,0.2014,7417263,개별평가,2025-06-30
AL01856,AR1354,미국법인,OC133,1-30일,35069816,0.0003,10521,집합평가,2025-06-30
AL01857,AR1355,미국법인,OC133,61-90일,62259569,0.2092,13024702,개별평가,2025-06-30
AL01858,AR1358,미국법인,OC133,91-180일,80234953,0.4034,32366780,개별평가,2025-06-30
AL01859,AR1361,미국법인,OC133,31-60일,9247063,0.1042,963544,집합평가,2025-06-30
AL01860,AR1363,미국법인,OC133,31-60일,85992520,0.105,9029215,집합평가,2025-06-30
AL01861,AR1365,중국법인,OC134,1-30일,171924445,0.019,3266564,집합평가,2025-06-30
AL01862,AR1369,중국법인,OC134,31-60일,102207080,0.07,7154496,집합평가,2025-06-30
AL01863,AR1372,독일법인,OC135,61-90일,7775745,0.172,1337428,개별평가,2025-06-30
AL01864,AR1373,독일법인,OC135,61-90일,19087875,0.1767,3372828,개별평가,2025-06-30
AL01865,AR1375,독일법인,OC135,1-30일,78389700,0.0031,243008,집합평가,2025-06-30
AL01866,AR1376,독일법인,OC135,1-30일,82348185,0.0252,2075174,집합평가,2025-06-30
AL01867,AR1382,싱가포르법인,OC136,91-180일,41557758,0.4578,19025142,개별평가,2025-06-30
AL01868,AR1388,싱가포르법인,OC136,31-60일,42452788,0.111,4712259,집합평가,2025-06-30
AL01869,AR1401,독일법인,OC137,61-90일,148105575,0.1552,22985985,개별평가,2025-06-30
AL01870,AR1403,베트남법인,OC138,31-60일,25668,0.0558,1432,집합평가,2025-06-30
AL01871,AR1404,베트남법인,OC138,61-90일,71333,0.2106,15023,개별평가,2025-06-30
AL01872,AR1407,베트남법인,OC138,91-180일,80324,0.4091,32861,개별평가,2025-06-30
AL01873,AR1410,베트남법인,OC138,1-30일,36602,0.0367,1343,집합평가,2025-06-30
AL01874,AR1416,중국법인,OC139,1-30일,155461230,0.0316,4912575,집합평가,2025-06-30
AL01875,AR1419,중국법인,OC139,61-90일,264446465,0.1527,40380975,개별평가,2025-06-30
AL01876,AR1422,싱가포르법인,OC140,91-180일,66605235,0.4796,31943871,개별평가,2025-06-30
AL01877,AR1423,싱가포르법인,OC140,1-30일,103275714,0.053,5473613,집합평가,2025-06-30
AL01878,AR1426,싱가포르법인,OC140,1-30일,26327251,0.0382,1005701,집합평가,2025-06-30
AL01879,AR1427,싱가포르법인,OC140,91-180일,51542344,0.354,18245990,개별평가,2025-06-30
AL01880,AR1431,싱가포르법인,OC140,1-30일,99657274,0.0149,1484893,집합평가,2025-06-30
AL01881,AR1432,싱가포르법인,OC140,91-180일,62202752,0.4867,30274079,개별평가,2025-06-30
AL01882,AR1439,베트남법인,OC141,1-30일,163062,0.0376,6131,집합평가,2025-06-30
AL01883,AR1448,미국법인,OC142,61-90일,105355217,0.1705,17963064,개별평가,2025-06-30
AL01884,AR1451,미국법인,OC142,1-30일,70561760,0.0097,684449,집합평가,2025-06-30
AL01885,AR1459,독일법인,OC143,91-180일,82968420,0.4639,38489050,개별평가,2025-06-30
AL01886,AR1460,독일법인,OC143,61-90일,17303475,0.277,4793063,개별평가,2025-06-30
AL01887,AR1467,미국법인,OC144,31-60일,40193135,0.0888,3569150,집합평가,2025-06-30
AL01888,AR1470,미국법인,OC144,91-180일,10436512,0.432,4508573,개별평가,2025-06-30
AL01889,AR1472,미국법인,OC144,61-90일,13797999,0.1695,2338761,개별평가,2025-06-30
AL01890,AR1473,미국법인,OC144,91-180일,48195727,0.476,22941166,개별평가,2025-06-30
AL01891,AR1474,미국법인,OC144,61-90일,22860073,0.2282,5216669,개별평가,2025-06-30
AL01892,AR1477,중국법인,OC145,61-90일,528215390,0.179,94550555,개별평가,2025-06-30
AL01893,AR1482,중국법인,OC145,1-30일,265759270,0.0486,12915901,집합평가,2025-06-30
AL01894,AR1486,미국법인,OC146,1-30일,11904004,0.0328,390451,집합평가,2025-06-30
AL01895,AR1492,미국법인,OC146,1-30일,79915579,0.0729,5825846,집합평가,2025-06-30
AL01896,AR1493,미국법인,OC146,61-90일,73557726,0.2082,15314719,개별평가,2025-06-30
AL01897,AR1495,미국법인,OC146,31-60일,34948569,0.1048,3662610,집합평가,2025-06-30
AL01898,AR1499,독일법인,OC147,31-60일,46235775,0.0427,1974268,집합평가,2025-06-30
AL01899,AR1500,독일법인,OC147,91-180일,107474295,0.4495,48309696,개별평가,2025-06-30
AL01900,AR1513,중국법인,OC148,61-90일,231442990,0.1766,40872832,개별평가,2025-06-30
AL01901,AR1517,중국법인,OC148,91-180일,486709700,0.4459,217023855,개별평가,2025-06-30
AL01902,AR1518,중국법인,OC148,61-90일,141270415,0.2081,29398373,개별평가,2025-06-30
AL01903,AR1521,베트남법인,OC149,31-60일,8826,0.086,759,집합평가,2025-06-30
AL01904,AR1528,미국법인,OC150,61-90일,38555323,0.2397,9241711,개별평가,2025-06-30
AL01905,AR1530,미국법인,OC150,31-60일,33311668,0.0724,2411765,집합평가,2025-06-30
AL01906,AR1532,미국법인,OC150,91-180일,75805622,0.4535,34377850,개별평가,2025-06-30
AL01907,AR1536,중국법인,OC151,31-60일,114322145,0.0699,7991118,집합평가,2025-06-30
AL01908,AR1537,중국법인,OC151,91-180일,509862150,0.4358,222197925,개별평가,2025-06-30
AL01909,AR1540,중국법인,OC151,31-60일,160383845,0.1251,20064019,집합평가,2025-06-30
AL01910,AR1544,중국법인,OC152,91-180일,263825450,0.4328,114183655,개별평가,2025-06-30
AL01911,AR1546,중국법인,OC152,31-60일,170500110,0.0201,3427052,집합평가,2025-06-30
AL01912,AR1552,미국법인,OC153,91-180일,136176937,0.4087,55655514,개별평가,2025-06-30
AL01913,AR1553,미국법인,OC153,61-90일,135499302,0.2363,32018485,개별평가,2025-06-30
AL01914,AR1555,미국법인,OC153,31-60일,8236585,0.1356,1116881,집합평가,2025-06-30
AL01915,AR1568,싱가포르법인,OC155,91-180일,86235227,0.4671,40280475,개별평가,2025-06-30
AL01916,AR1569,싱가포르법인,OC155,31-60일,99249998,0.1407,13964475,집합평가,2025-06-30
AL01917,AR1570,싱가포르법인,OC155,31-60일,78485348,0.0822,6451496,집합평가,2025-06-30
AL01918,AR1578,독일법인,OC156,1-30일,66643050,0.0,0,집합평가,2025-06-30
AL01919,AR1581,독일법인,OC156,61-90일,8517135,0.1932,1645510,개별평가,2025-06-30
AL01920,AR1583,독일법인,OC157,61-90일,60679380,0.2094,12706262,개별평가,2025-06-30
AL01921,AR1590,싱가포르법인,OC158,1-30일,6412740,0.075,480956,집합평가,2025-06-30
AL01922,AR1593,싱가포르법인,OC158,61-90일,108408568,0.2482,26907007,개별평가,2025-06-30
AL01923,AR1601,싱가포르법인,OC159,61-90일,112020460,0.1839,20600563,개별평가,2025-06-30
AL01924,AR1605,싱가포르법인,OC159,61-90일,104130352,0.1916,19951375,개별평가,2025-06-30
AL01925,AR1606,싱가포르법인,OC159,31-60일,108178864,0.0772,8351408,집합평가,2025-06-30
AL01926,AR1613,중국법인,OC160,91-180일,372507920,0.4481,166920799,개별평가,2025-06-30
AL01927,AR1616,중국법인,OC160,1-30일,179151000,0.0226,4048813,집합평가,2025-06-30
AL01928,AR1624,중국법인,OC161,31-60일,45493695,0.0561,2552196,집합평가,2025-06-30
AL01929,AR1625,중국법인,OC161,1-30일,6746520,0.0122,82308,집합평가,2025-06-30
AL01930,AR1627,중국법인,OC161,91-180일,150603975,0.4793,72184485,개별평가,2025-06-30
AL01931,AR1630,중국법인,OC161,91-180일,79130535,0.4213,33337694,개별평가,2025-06-30
AL01932,AR1633,중국법인,OC161,61-90일,49596460,0.2044,10137516,개별평가,2025-06-30
AL01933,AR1635,독일법인,OC162,1-30일,69641565,0.0,0,집합평가,2025-06-30
AL01934,AR1640,독일법인,OC162,61-90일,45402615,0.1453,6597000,개별평가,2025-06-30
AL01935,AR1653,중국법인,OC163,31-60일,245745240,0.0695,17079294,집합평가,2025-06-30
AL01936,AR1654,중국법인,OC163,1-30일,140883955,0.0982,13834804,집합평가,2025-06-30
AL01937,AR1659,베트남법인,OC164,61-90일,151850,0.1872,28426,개별평가,2025-06-30
AL01938,AR1661,베트남법인,OC164,31-60일,25791,0.0815,2102,집합평가,2025-06-30
AL01939,AR1662,베트남법인,OC164,31-60일,13576,0.0775,1052,집합평가,2025-06-30
AL01940,AR1668,베트남법인,OC164,61-90일,76260,0.2181,16632,개별평가,2025-06-30
AL01941,AR1673,중국법인,OC165,1-30일,136364140,0.0,0,집합평가,2025-06-30
AL01942,AR1675,중국법인,OC165,91-180일,112307100,0.4707,52862952,개별평가,2025-06-30
AL01943,AR1677,중국법인,OC165,31-60일,76348650,0.0925,7062250,집합평가,2025-06-30
AL01944,AR1678,중국법인,OC165,31-60일,85309430,0.0757,6457924,집합평가,2025-06-30
AL01945,AR1679,중국법인,OC165,61-90일,546278880,0.2221,121328539,개별평가,2025-06-30
AL01946,AR1680,중국법인,OC165,61-90일,118071130,0.19,22433515,개별평가,2025-06-30
AL01947,AR1681,중국법인,OC165,31-60일,152305520,0.0572,8711876,집합평가,2025-06-30
AL01948,AR1682,중국법인,OC165,1-30일,560383150,0.0,0,집합평가,2025-06-30
AL01949,AR1685,베트남법인,OC166,61-90일,75648,0.1736,13132,개별평가,2025-06-30
AL01950,AR1686,베트남법인,OC166,31-60일,138812,0.1008,13992,집합평가,2025-06-30
AL01951,AR1689,베트남법인,OC166,1-30일,42748,0.0609,2603,집합평가,2025-06-30
AL01952,AR1691,베트남법인,OC166,1-30일,28548,0.0,0,집합평가,2025-06-30
AL01953,AR1696,중국법인,OC167,61-90일,403138770,0.1831,73814709,개별평가,2025-06-30
AL01954,AR1700,중국법인,OC167,1-30일,126581800,0.0091,1151894,집합평가,2025-06-30
AL01955,AR1702,중국법인,OC167,31-60일,468148220,0.1556,72843863,집합평가,2025-06-30
AL01956,AR1703,중국법인,OC167,31-60일,182136375,0.0954,17375810,집합평가,2025-06-30
AL01957,AR1705,싱가포르법인,OC168,91-180일,52475593,0.4716,24747490,개별평가,2025-06-30
AL01958,AR1710,싱가포르법인,OC168,31-60일,114138714,0.0558,6368940,집합평가,2025-06-30
AL01959,AR1711,싱가포르법인,OC168,1-30일,44872564,0.0448,2010291,집합평가,2025-06-30
AL01960,AR1712,싱가포르법인,OC168,91-180일,22077512,0.4279,9446967,개별평가,2025-06-30
AL01961,AR1714,싱가포르법인,OC168,1-30일,10039829,0.0,0,집합평가,2025-06-30
AL01962,AR1717,미국법인,OC169,31-60일,51686134,0.017,878664,집합평가,2025-06-30
AL01963,AR1720,미국법인,OC169,1-30일,42583557,0.0592,2520947,집합평가,2025-06-30
AL01964,AR1725,베트남법인,OC170,31-60일,36313,0.1021,3708,집합평가,2025-06-30
AL01965,AR1729,베트남법인,OC170,61-90일,83022,0.2112,17534,개별평가,2025-06-30
AL01966,AR1731,베트남법인,OC170,61-90일,4926,0.2401,1183,개별평가,2025-06-30
AL01967,AR1738,중국법인,OC171,61-90일,129430090,0.1706,22080773,개별평가,2025-06-30
AL01968,AR1743,중국법인,OC171,1-30일,50455260,0.0443,2235168,집합평가,2025-06-30
AL01969,AR1746,미국법인,OC172,1-30일,70646782,0.0066,466269,집합평가,2025-06-30
AL01970,AR1748,미국법인,OC172,91-180일,158963249,0.4851,77113072,개별평가,2025-06-30
AL01971,AR1749,미국법인,OC172,61-90일,117925112,0.249,29363353,개별평가,2025-06-30
AL01972,AR1753,미국법인,OC172,31-60일,27559607,0.0667,1838226,집합평가,2025-06-30
AL01973,AR1760,중국법인,OC173,31-60일,122360665,0.0667,8161456,집합평가,2025-06-30
AL01974,AR1762,중국법인,OC173,61-90일,331132380,0.2023,66988080,개별평가,2025-06-30
AL01975,AR1764,중국법인,OC173,1-30일,235060020,0.0312,7333873,집합평가,2025-06-30
AL01976,AR1765,중국법인,OC173,31-60일,209073530,0.0926,19360209,집합평가,2025-06-30
AL01977,AR1768,중국법인,OC174,31-60일,459056340,0.0788,36173640,집합평가,2025-06-30
AL01978,AR1769,중국법인,OC174,61-90일,205680605,0.2084,42863838,개별평가,2025-06-30
AL01979,AR1781,베트남법인,OC175,31-60일,114211,0.1569,17920,집합평가,2025-06-30
AL01980,AR1782,베트남법인,OC175,1-30일,100755,0.0186,1874,집합평가,2025-06-30
AL01981,AR1785,베트남법인,OC175,91-180일,49656,0.438,21749,개별평가,2025-06-30
AL01982,AR1790,싱가포르법인,OC176,61-90일,37480359,0.211,7908356,개별평가,2025-06-30
AL01983,AR1798,독일법인,OC177,61-90일,77717865,0.2065,16048739,개별평가,2025-06-30
AL01984,AR1800,독일법인,OC177,1-30일,66565110,0.0,0,집합평가,2025-06-30
AL01985,AR1802,독일법인,OC177,91-180일,117461730,0.4457,52352693,개별평가,2025-06-30
AL01986,AR1814,베트남법인,OC178,1-30일,36612,0.0288,1054,집합평가,2025-06-30
AL01987,AR1818,베트남법인,OC178,61-90일,40751,0.2189,8920,개별평가,2025-06-30
AL01988,AR1821,베트남법인,OC179,1-30일,32733,0.0241,789,집합평가,2025-06-30
AL01989,AR1822,베트남법인,OC179,91-180일,87878,0.4591,40345,개별평가,2025-06-30
AL01990,AR1823,베트남법인,OC179,31-60일,41920,0.0752,3152,집합평가,2025-06-30
AL01991,AR1825,베트남법인,OC179,91-180일,46285,0.4447,20583,개별평가,2025-06-30
AL01992,AR1826,베트남법인,OC179,31-60일,58061,0.0802,4656,집합평가,2025-06-30
AL01993,AR1827,베트남법인,OC179,31-60일,155811,0.0511,7962,집합평가,2025-06-30
AL01994,AR1829,싱가포르법인,OC180,61-90일,13076777,0.1391,1818980,개별평가,2025-06-30
AL01995,AR1830,싱가포르법인,OC180,1-30일,50898898,0.0,0,집합평가,2025-06-30
AL01996,AR1833,싱가포르법인,OC180,1-30일,23431562,0.0,0,집합평가,2025-06-30
AL01997,AR1839,베트남법인,OC181,91-180일,89295,0.4903,43781,개별평가,2025-06-30
AL01998,AR1843,베트남법인,OC181,1-30일,163689,0.0092,1506,집합평가,2025-06-30
AL01999,AR1845,중국법인,OC182,31-60일,219831140,0.0821,18048137,집합평가,2025-06-30
AL02000,AR1847,중국법인,OC182,91-180일,206349120,0.4656,96076150,개별평가,2025-06-30
AL02001,AR1854,중국법인,OC182,1-30일,157061030,0.0645,10130436,집합평가,2025-06-30
AL02002,AR1858,베트남법인,OC183,1-30일,146883,0.0778,11427,집합평가,2025-06-30
AL02003,AR1859,베트남법인,OC183,31-60일,62061,0.1008,6256,집합평가,2025-06-30
AL02004,AR1863,베트남법인,OC183,1-30일,67824,0.0096,651,집합평가,2025-06-30
AL02005,AR1867,미국법인,OC184,1-30일,77542628,0.0,0,집합평가,2025-06-30
AL02006,AR1870,미국법인,OC184,1-30일,116661722,0.0455,5308108,집합평가,2025-06-30
AL02007,AR1873,미국법인,OC184,31-60일,150072130,0.086,12906203,집합평가,2025-06-30
AL02008,AR1874,미국법인,OC184,31-60일,58989370,0.0466,2748905,집합평가,2025-06-30
AL02009,AR1877,중국법인,OC185,61-90일,354157530,0.1817,64350423,개별평가,2025-06-30
AL02010,AR1879,중국법인,OC185,1-30일,246219100,0.0,0,집합평가,2025-06-30
AL02011,AR1881,중국법인,OC185,91-180일,451510490,0.4282,193336792,개별평가,2025-06-30
AL02012,AR1883,중국법인,OC185,61-90일,47286060,0.2417,11429041,개별평가,2025-06-30
AL02013,AR1884,중국법인,OC185,31-60일,105718660,0.1177,12443086,집합평가,2025-06-30
AL02014,AR1885,중국법인,OC185,91-180일,161582555,0.4588,74134076,개별평가,2025-06-30
AL02015,AR1891,독일법인,OC186,31-60일,36756840,0.0685,2517844,집합평가,2025-06-30
AL02016,AR1892,독일법인,OC186,31-60일,56769480,0.0855,4853791,집합평가,2025-06-30
AL02017,AR1897,독일법인,OC186,1-30일,63616215,0.031,1972103,집합평가,2025-06-30
AL02018,AR1909,싱가포르법인,OC187,91-180일,42970397,0.4128,17738180,개별평가,2025-06-30
AL02019,AR1910,싱가포르법인,OC187,31-60일,68825122,0.0642,4418573,집합평가,2025-06-30
AL02020,AR1911,싱가포르법인,OC187,31-60일,32443262,0.1339,4344153,집합평가,2025-06-30
AL02021,AR1915,싱가포르법인,OC188,1-30일,8491367,0.0,0,집합평가,2025-06-30
AL02022,AR1922,싱가포르법인,OC189,61-90일,24348032,0.1705,4151339,개별평가,2025-06-30
AL02023,AR1925,싱가포르법인,OC189,91-180일,106520110,0.4566,48637082,개별평가,2025-06-30
AL02024,AR1938,독일법인,OC191,31-60일,159279750,0.0829,13204291,집합평가,2025-06-30
AL02025,AR1941,독일법인,OC191,61-90일,8491530,0.2086,1771333,개별평가,2025-06-30
AL02026,AR1943,독일법인,OC191,91-180일,29190645,0.5108,14910581,개별평가,2025-06-30
AL02027,AR1944,독일법인,OC191,1-30일,106376565,0.0,0,집합평가,2025-06-30
AL02028,AR1949,베트남법인,OC192,1-30일,5360,0.0,0,집합평가,2025-06-30
AL02029,AR1952,베트남법인,OC192,91-180일,60270,0.4059,24464,개별평가,2025-06-30
AL02030,AR1961,독일법인,OC193,91-180일,33576225,0.4641,15582726,개별평가,2025-06-30
AL02031,AR1963,독일법인,OC193,1-30일,86515365,0.0842,7284594,집합평가,2025-06-30
AL02032,AR1968,독일법인,OC193,1-30일,106598100,0.0139,1481714,집합평가,2025-06-30
AL02033,AR1974,미국법인,OC194,91-180일,17196387,0.4502,7741813,개별평가,2025-06-30
AL02034,AR1986,중국법인,OC195,31-60일,137371615,0.0497,6827369,집합평가,2025-06-30
AL02035,AR1992,독일법인,OC196,1-30일,62536860,0.0334,2088731,집합평가,2025-06-30
AL02036,AR1994,독일법인,OC196,91-180일,140067210,0.4561,63884654,개별평가,2025-06-30
AL02037,AR2002,중국법인,OC197,31-60일,277999165,0.0937,26048522,집합평가,2025-06-30
AL02038,AR2003,중국법인,OC197,91-180일,455259950,0.524,238556214,개별평가,2025-06-30
AL02039,AR2011,싱가포르법인,OC198,1-30일,12035306,0.0,0,집합평가,2025-06-30
AL02040,AR2014,싱가포르법인,OC198,91-180일,31647928,0.4716,14925163,개별평가,2025-06-30
AL02041,AR2017,중국법인,OC199,1-30일,327276140,0.0385,12600131,집합평가,2025-06-30
AL02042,AR2019,중국법인,OC199,91-180일,286319550,0.4121,117992287,개별평가,2025-06-30
AL02043,AR2020,중국법인,OC199,61-90일,11821040,0.2141,2530885,개별평가,2025-06-30
AL02044,AR2024,중국법인,OC199,91-180일,21468290,0.4378,9398817,개별평가,2025-06-30
AL02045,AR2025,중국법인,OC199,1-30일,165917310,0.0173,2870369,집합평가,2025-06-30
AL02046,AR2026,중국법인,OC199,1-30일,330239570,0.0256,8454133,집합평가,2025-06-30
AL02047,AR2027,중국법인,OC199,1-30일,385621150,0.0085,3277780,집합평가,2025-06-30
AL02048,AR2033,중국법인,OC200,31-60일,78374905,0.027,2116122,집합평가,2025-06-30
AL02049,AR2034,중국법인,OC200,61-90일,536523140,0.2032,109021502,개별평가,2025-06-30
AL02050,AR2038,중국법인,OC200,31-60일,218675940,0.1181,25825629,집합평가,2025-06-30
AL02051,AR2040,중국법인,OC200,61-90일,333521060,0.2246,74908830,개별평가,2025-06-30
AL02052,AR2041,중국법인,OC200,91-180일,271658960,0.4519,122762684,개별평가,2025-06-30
AL02053,AR2043,중국법인,OC200,91-180일,39219325,0.4456,17476131,개별평가,2025-06-30
