채권ID,법인명,고객ID,고객명,통화,채권발생일,만기일,채권원금,6월말잔액,연령구간,잔액_KRW
AR0001,미국법인,OC001,미국고객001,USD,2025-06-08,2025-08-07,32632.49,32632.49,정상(미도래),45032836
AR0002,미국법인,OC001,미국고객001,USD,2025-01-24,2025-02-23,86156.62,86156.62,91-180일,118896136
AR0004,미국법인,OC001,미국고객001,USD,2025-03-30,2025-04-29,76886.5,38443.25,61-90일,53051685
AR0005,미국법인,OC001,미국고객001,USD,2025-05-07,2025-06-06,25413.6,25413.6,1-30일,35070768
AR0006,미국법인,OC001,미국고객001,USD,2025-03-31,2025-05-30,89998.72,44999.36,31-60일,62099117
AR0007,미국법인,OC001,미국고객001,USD,2025-06-15,2025-09-13,41873.04,41873.04,정상(미도래),57784795
AR0013,싱가포르법인,OC002,싱가고객002,SGD,2025-05-14,2025-06-13,57686.99,57686.99,1-30일,58840730
AR0014,싱가포르법인,OC002,싱가고객002,SGD,2025-01-21,2025-04-21,66967.73,33483.87,61-90일,34153547
AR0017,싱가포르법인,OC002,싱가고객002,SGD,2025-06-11,2025-09-09,105383.77,52691.89,정상(미도래),53745728
AR0018,싱가포르법인,OC002,싱가고객002,SGD,2025-06-07,2025-07-22,8359.73,4179.87,정상(미도래),4263467
AR0026,싱가포르법인,OC003,싱가고객003,SGD,2025-05-03,2025-06-02,44483.7,22241.85,1-30일,22686687
AR0031,싱가포르법인,OC003,싱가고객003,SGD,2025-01-09,2025-04-09,21894.67,10947.33,61-90일,11166277
AR0033,싱가포르법인,OC003,싱가고객003,SGD,2025-03-26,2025-04-25,5356.52,5356.52,61-90일,5463650
AR0034,중국법인,OC004,중국고객004,CNY,2025-05-11,2025-06-10,121093.0,121093.0,1-30일,23007670
AR0042,중국법인,OC004,중국고객004,CNY,2025-01-08,2025-04-08,1328425.0,664212.5,61-90일,126200375
AR0045,중국법인,OC004,중국고객004,CNY,2025-05-28,2025-08-26,2170520.0,2170520.0,정상(미도래),412398800
AR0046,중국법인,OC004,중국고객004,CNY,2025-04-19,2025-05-19,111637.0,111637.0,31-60일,21211030
AR0052,중국법인,OC005,중국고객005,CNY,2025-02-14,2025-03-31,682878.0,682878.0,91-180일,129746820
AR0053,중국법인,OC005,중국고객005,CNY,2025-06-08,2025-07-23,682511.0,682511.0,정상(미도래),129677090
AR0054,중국법인,OC005,중국고객005,CNY,2025-06-03,2025-08-02,1422190.0,1422190.0,정상(미도래),270216100
AR0055,중국법인,OC005,중국고객005,CNY,2025-01-11,2025-02-10,918904.0,459452.0,91-180일,87295880
AR0060,독일법인,OC006,독일고객006,EUR,2025-03-01,2025-04-15,68400.08,34200.04,61-90일,51300060
AR0063,독일법인,OC006,독일고객006,EUR,2025-03-04,2025-04-03,11676.07,11676.07,61-90일,17514105
AR0064,독일법인,OC006,독일고객006,EUR,2025-02-06,2025-03-08,74790.34,37395.17,91-180일,56092755
AR0066,독일법인,OC006,독일고객006,EUR,2025-02-26,2025-04-27,83277.4,41638.7,61-90일,62458050
AR0068,베트남법인,OC007,베트고객007,VND,2025-01-09,2025-03-10,1264060.0,1264060.0,91-180일,70787
AR0069,베트남법인,OC007,베트고객007,VND,2025-05-29,2025-06-28,2004493.0,2004493.0,1-30일,112252
AR0070,베트남법인,OC007,베트고객007,VND,2025-03-29,2025-05-13,2302748.0,2302748.0,31-60일,128954
AR0073,베트남법인,OC007,베트고객007,VND,2025-06-10,2025-07-25,854145.0,427072.5,정상(미도래),23916
AR0077,중국법인,OC008,중국고객008,CNY,2025-03-15,2025-06-13,2011981.0,1005990.5,1-30일,191138195
AR0078,중국법인,OC008,중국고객008,CNY,2025-06-11,2025-07-26,1219130.0,609565.0,정상(미도래),115817350
AR0081,중국법인,OC008,중국고객008,CNY,2025-02-10,2025-03-27,2609067.0,2609067.0,91-180일,495722730
AR0084,싱가포르법인,OC009,싱가고객009,SGD,2025-03-17,2025-06-15,107378.68,53689.34,1-30일,54763127
AR0085,싱가포르법인,OC009,싱가고객009,SGD,2025-02-06,2025-04-07,99698.01,99698.01,61-90일,101691970
AR0088,싱가포르법인,OC009,싱가고객009,SGD,2025-05-29,2025-07-13,8453.76,4226.88,정상(미도래),4311418
AR0093,싱가포르법인,OC010,싱가고객010,SGD,2025-04-07,2025-05-22,50902.52,25451.26,31-60일,25960285
AR0095,싱가포르법인,OC010,싱가고객010,SGD,2025-01-12,2025-04-12,102781.53,51390.77,61-90일,52418585
AR0097,싱가포르법인,OC010,싱가고객010,SGD,2025-03-24,2025-06-22,7170.7,7170.7,1-30일,7314114
AR0099,싱가포르법인,OC010,싱가고객010,SGD,2025-04-23,2025-06-22,95683.06,47841.53,1-30일,48798361
AR0100,싱가포르법인,OC010,싱가고객010,SGD,2025-03-31,2025-05-15,119712.07,119712.07,31-60일,122106311
AR0102,싱가포르법인,OC010,싱가고객010,SGD,2025-05-08,2025-06-22,6157.4,3078.7,1-30일,3140274
AR0103,중국법인,OC011,중국고객011,CNY,2025-04-15,2025-05-15,351351.0,351351.0,31-60일,66756690
AR0106,중국법인,OC011,중국고객011,CNY,2025-03-07,2025-06-05,2063715.0,2063715.0,1-30일,392105850
AR0107,중국법인,OC011,중국고객011,CNY,2025-02-27,2025-04-28,2497872.0,2497872.0,61-90일,474595680
AR0112,중국법인,OC011,중국고객011,CNY,2025-05-06,2025-07-05,2911801.0,2911801.0,정상(미도래),553242190
AR0113,싱가포르법인,OC012,싱가고객012,SGD,2025-05-31,2025-07-15,104630.12,104630.12,정상(미도래),106722722
AR0114,싱가포르법인,OC012,싱가고객012,SGD,2025-06-13,2025-08-12,67218.51,67218.51,정상(미도래),68562880
AR0115,싱가포르법인,OC012,싱가고객012,SGD,2025-02-21,2025-05-22,83781.16,41890.58,31-60일,42728392
AR0116,싱가포르법인,OC012,싱가고객012,SGD,2025-01-06,2025-02-05,88937.25,88937.25,91-180일,90715995
AR0117,싱가포르법인,OC012,싱가고객012,SGD,2025-05-12,2025-06-26,78845.82,78845.82,1-30일,80422736
AR0119,미국법인,OC013,미국고객013,USD,2025-05-27,2025-08-25,34576.79,34576.79,정상(미도래),47715970
AR0125,미국법인,OC013,미국고객013,USD,2025-02-13,2025-03-15,109743.67,54871.83,91-180일,75723125
AR0126,미국법인,OC013,미국고객013,USD,2025-05-17,2025-06-16,88883.41,44441.71,1-30일,61329560
AR0127,미국법인,OC013,미국고객013,USD,2025-04-22,2025-07-21,67695.08,67695.08,정상(미도래),93419210
AR0128,미국법인,OC013,미국고객013,USD,2025-02-11,2025-05-12,79587.77,39793.89,31-60일,54915568
AR0131,미국법인,OC013,미국고객013,USD,2025-02-12,2025-03-29,48996.52,48996.52,91-180일,67615198
AR0132,미국법인,OC013,미국고객013,USD,2025-06-07,2025-08-06,37051.21,18525.61,정상(미도래),25565342
AR0133,베트남법인,OC014,베트고객014,VND,2025-05-13,2025-06-27,2714317.0,2714317.0,1-30일,152002
AR0134,베트남법인,OC014,베트고객014,VND,2025-02-16,2025-03-18,1028218.0,1028218.0,91-180일,57580
AR0135,베트남법인,OC014,베트고객014,VND,2025-03-18,2025-06-16,2949990.0,1474995.0,1-30일,82600
AR0137,베트남법인,OC014,베트고객014,VND,2025-03-07,2025-06-05,808443.0,808443.0,1-30일,45273
AR0138,베트남법인,OC014,베트고객014,VND,2025-04-06,2025-06-05,2736637.0,2736637.0,1-30일,153252
AR0140,미국법인,OC015,미국고객015,USD,2025-06-27,2025-08-11,59854.85,59854.85,정상(미도래),82599693
AR0141,미국법인,OC015,미국고객015,USD,2025-02-06,2025-05-07,22910.88,22910.88,31-60일,31617014
AR0142,미국법인,OC015,미국고객015,USD,2025-05-06,2025-07-05,112225.16,112225.16,정상(미도래),154870721
AR0146,미국법인,OC015,미국고객015,USD,2025-05-09,2025-08-07,50270.25,25135.13,정상(미도래),34686479
AR0148,미국법인,OC015,미국고객015,USD,2025-01-13,2025-04-13,49794.07,49794.07,61-90일,68715817
AR0149,미국법인,OC015,미국고객015,USD,2025-05-02,2025-06-01,22585.83,22585.83,1-30일,31168445
AR0150,독일법인,OC016,독일고객016,EUR,2025-01-03,2025-04-03,6744.2,6744.2,61-90일,10116300
AR0151,독일법인,OC016,독일고객016,EUR,2025-01-02,2025-04-02,83035.14,41517.57,61-90일,62276355
AR0152,독일법인,OC016,독일고객016,EUR,2025-03-06,2025-04-20,54419.21,27209.61,61-90일,40814415
AR0156,중국법인,OC017,중국고객017,CNY,2025-03-28,2025-06-26,2948218.0,1474109.0,1-30일,280080710
AR0157,중국법인,OC017,중국고객017,CNY,2025-06-18,2025-09-16,1630862.0,815431.0,정상(미도래),154931890
AR0158,중국법인,OC017,중국고객017,CNY,2025-01-26,2025-02-25,1472440.0,1472440.0,91-180일,279763600
AR0159,중국법인,OC017,중국고객017,CNY,2025-05-23,2025-06-22,1618165.0,809082.5,1-30일,153725675
AR0161,중국법인,OC017,중국고객017,CNY,2025-03-10,2025-04-24,2535380.0,1267690.0,61-90일,240861100
AR0162,중국법인,OC017,중국고객017,CNY,2025-03-22,2025-05-06,639825.0,639825.0,31-60일,121566750
AR0164,중국법인,OC017,중국고객017,CNY,2025-03-05,2025-04-19,2317789.0,1158894.5,61-90일,220189955
AR0165,중국법인,OC017,중국고객017,CNY,2025-06-02,2025-08-31,599719.0,599719.0,정상(미도래),113946610
AR0170,싱가포르법인,OC018,싱가고객018,SGD,2025-02-12,2025-03-14,105972.57,52986.29,91-180일,54046016
AR0172,싱가포르법인,OC018,싱가고객018,SGD,2025-04-27,2025-07-26,28048.5,14024.25,정상(미도래),14304735
AR0178,싱가포르법인,OC018,싱가고객018,SGD,2025-01-03,2025-02-02,59565.39,29782.69,91-180일,30378344
AR0182,독일법인,OC019,독일고객019,EUR,2025-01-13,2025-03-14,81307.54,40653.77,91-180일,60980655
AR0184,독일법인,OC019,독일고객019,EUR,2025-03-06,2025-04-05,107850.32,107850.32,61-90일,161775480
AR0185,독일법인,OC019,독일고객019,EUR,2025-03-22,2025-05-06,106712.09,106712.09,31-60일,160068135
AR0186,독일법인,OC019,독일고객019,EUR,2025-03-26,2025-04-25,25897.33,25897.33,61-90일,38845995
AR0187,독일법인,OC019,독일고객019,EUR,2025-06-14,2025-07-14,119216.9,119216.9,정상(미도래),178825350
AR0189,독일법인,OC019,독일고객019,EUR,2025-06-20,2025-08-04,92207.41,92207.41,정상(미도래),138311115
AR0191,독일법인,OC020,독일고객020,EUR,2025-03-20,2025-06-18,113467.86,113467.86,1-30일,170201790
AR0192,독일법인,OC020,독일고객020,EUR,2025-04-19,2025-06-03,56588.44,28294.22,1-30일,42441330
AR0193,독일법인,OC020,독일고객020,EUR,2025-01-09,2025-02-08,53629.5,53629.5,91-180일,80444250
AR0198,독일법인,OC020,독일고객020,EUR,2025-01-21,2025-03-07,73827.59,73827.59,91-180일,110741385
AR0200,독일법인,OC020,독일고객020,EUR,2025-01-19,2025-04-19,13727.9,6863.95,61-90일,10295925
AR0201,독일법인,OC020,독일고객020,EUR,2025-06-19,2025-08-03,103706.08,103706.08,정상(미도래),155559120
AR0202,베트남법인,OC021,베트고객021,VND,2025-03-16,2025-06-14,1098873.0,1098873.0,1-30일,61537
AR0204,베트남법인,OC021,베트고객021,VND,2025-02-19,2025-04-05,689443.0,689443.0,61-90일,38609
AR0205,베트남법인,OC021,베트고객021,VND,2025-04-26,2025-06-25,1066593.0,533296.5,1-30일,29865
AR0209,싱가포르법인,OC022,싱가고객022,SGD,2025-01-14,2025-03-15,69206.05,69206.05,91-180일,70590171
AR0213,싱가포르법인,OC022,싱가고객022,SGD,2025-02-08,2025-04-09,72348.39,36174.19,61-90일,36897674
AR0214,싱가포르법인,OC022,싱가고객022,SGD,2025-01-16,2025-02-15,96897.58,48448.79,91-180일,49417766
AR0216,싱가포르법인,OC022,싱가고객022,SGD,2025-06-24,2025-08-08,84799.05,84799.05,정상(미도래),86495031
AR0221,중국법인,OC023,중국고객023,CNY,2025-06-13,2025-07-13,2492626.0,2492626.0,정상(미도래),473598940
AR0226,중국법인,OC023,중국고객023,CNY,2025-03-26,2025-06-24,2861251.0,1430625.5,1-30일,271818845
AR0227,중국법인,OC023,중국고객023,CNY,2025-02-28,2025-04-29,1857321.0,1857321.0,61-90일,352890990
AR0231,중국법인,OC023,중국고객023,CNY,2025-04-10,2025-05-10,1729253.0,1729253.0,31-60일,328558070
AR0232,미국법인,OC024,미국고객024,USD,2025-05-28,2025-07-12,46495.84,46495.84,정상(미도래),64164259
AR0233,미국법인,OC024,미국고객024,USD,2025-03-08,2025-04-07,101756.05,50878.03,61-90일,70211681
AR0234,미국법인,OC024,미국고객024,USD,2025-05-26,2025-06-25,71468.83,35734.41,1-30일,49313486
AR0241,미국법인,OC024,미국고객024,USD,2025-06-29,2025-07-29,51778.44,25889.22,정상(미도래),35727124
AR0243,미국법인,OC024,미국고객024,USD,2025-05-20,2025-06-19,58894.98,29447.49,1-30일,40637536
AR0244,미국법인,OC024,미국고객024,USD,2025-05-28,2025-07-27,100867.59,50433.79,정상(미도래),69598630
AR0247,싱가포르법인,OC025,싱가고객025,SGD,2025-03-10,2025-06-08,28902.08,28902.08,1-30일,29480122
AR0251,싱가포르법인,OC025,싱가고객025,SGD,2025-03-05,2025-05-04,35899.62,35899.62,31-60일,36617612
AR0252,싱가포르법인,OC025,싱가고객025,SGD,2025-06-13,2025-08-12,64141.81,64141.81,정상(미도래),65424646
AR0253,싱가포르법인,OC025,싱가고객025,SGD,2025-01-27,2025-02-26,79260.91,79260.91,91-180일,80846128
AR0254,싱가포르법인,OC025,싱가고객025,SGD,2025-02-26,2025-04-12,85925.06,85925.06,61-90일,87643561
AR0256,싱가포르법인,OC025,싱가고객025,SGD,2025-03-29,2025-06-27,104517.83,104517.83,1-30일,106608187
AR0257,싱가포르법인,OC025,싱가고객025,SGD,2025-06-16,2025-08-15,19999.49,19999.49,정상(미도래),20399480
AR0258,싱가포르법인,OC025,싱가고객025,SGD,2025-04-26,2025-06-10,19258.91,19258.91,1-30일,19644088
AR0259,싱가포르법인,OC025,싱가고객025,SGD,2025-02-09,2025-05-10,63421.94,63421.94,31-60일,64690379
AR0260,싱가포르법인,OC026,싱가고객026,SGD,2025-05-30,2025-07-14,60478.84,60478.84,정상(미도래),61688417
AR0262,싱가포르법인,OC026,싱가고객026,SGD,2025-04-07,2025-05-22,55997.68,27998.84,31-60일,28558817
AR0265,싱가포르법인,OC026,싱가고객026,SGD,2025-06-15,2025-07-30,24452.57,24452.57,정상(미도래),24941621
AR0266,싱가포르법인,OC026,싱가고객026,SGD,2025-05-29,2025-07-28,101660.85,101660.85,정상(미도래),103694067
AR0268,싱가포르법인,OC026,싱가고객026,SGD,2025-01-20,2025-03-06,43500.54,43500.54,91-180일,44370551
AR0269,싱가포르법인,OC026,싱가고객026,SGD,2025-02-05,2025-03-22,15863.74,7931.87,91-180일,8090507
AR0271,독일법인,OC027,독일고객027,EUR,2025-05-20,2025-07-19,10185.82,5092.91,정상(미도래),7639365
AR0272,독일법인,OC027,독일고객027,EUR,2025-04-29,2025-06-13,59494.86,59494.86,1-30일,89242290
AR0276,독일법인,OC027,독일고객027,EUR,2025-03-25,2025-05-09,32351.42,32351.42,31-60일,48527130
AR0277,중국법인,OC028,중국고객028,CNY,2025-04-22,2025-06-21,211628.0,211628.0,1-30일,40209320
AR0278,중국법인,OC028,중국고객028,CNY,2025-01-07,2025-02-21,2521482.0,1260741.0,91-180일,239540790
AR0281,중국법인,OC028,중국고객028,CNY,2025-01-23,2025-03-24,2970951.0,2970951.0,91-180일,564480690
AR0282,중국법인,OC028,중국고객028,CNY,2025-05-14,2025-07-13,475124.0,475124.0,정상(미도래),90273560
AR0283,중국법인,OC028,중국고객028,CNY,2025-03-20,2025-06-18,961181.0,480590.5,1-30일,91312195
AR0287,미국법인,OC029,미국고객029,USD,2025-01-18,2025-03-04,50152.85,50152.85,91-180일,69210933
AR0291,미국법인,OC029,미국고객029,USD,2025-04-29,2025-05-29,49424.06,49424.06,31-60일,68205203
AR0296,미국법인,OC030,미국고객030,USD,2025-01-01,2025-01-31,40787.59,40787.59,91-180일,56286874
AR0299,미국법인,OC030,미국고객030,USD,2025-04-28,2025-06-27,52140.09,52140.09,1-30일,71953324
AR0300,미국법인,OC030,미국고객030,USD,2025-02-23,2025-04-09,73809.97,36904.99,61-90일,50928886
AR0302,미국법인,OC030,미국고객030,USD,2025-04-04,2025-05-19,58156.56,29078.28,31-60일,40128026
AR0304,미국법인,OC030,미국고객030,USD,2025-02-15,2025-04-16,118739.65,118739.65,61-90일,163860717
AR0305,미국법인,OC030,미국고객030,USD,2025-01-10,2025-02-09,38127.04,38127.04,91-180일,52615315
AR0309,독일법인,OC031,독일고객031,EUR,2025-05-25,2025-08-23,56468.37,28234.19,정상(미도래),42351285
AR0311,독일법인,OC031,독일고객031,EUR,2025-02-24,2025-03-26,117520.17,117520.17,91-180일,176280255
AR0318,싱가포르법인,OC032,싱가고객032,SGD,2025-02-22,2025-05-23,40194.77,40194.77,31-60일,40998665
AR0319,싱가포르법인,OC032,싱가고객032,SGD,2025-02-28,2025-05-29,84556.75,84556.75,31-60일,86247885
AR0324,싱가포르법인,OC032,싱가고객032,SGD,2025-05-19,2025-08-17,9353.63,9353.63,정상(미도래),9540703
AR0327,싱가포르법인,OC032,싱가고객032,SGD,2025-04-05,2025-07-04,45662.6,45662.6,정상(미도래),46575852
AR0328,싱가포르법인,OC032,싱가고객032,SGD,2025-06-18,2025-08-17,28325.09,28325.09,정상(미도래),28891592
AR0329,싱가포르법인,OC032,싱가고객032,SGD,2025-04-21,2025-06-20,42111.41,21055.71,1-30일,21476824
AR0332,중국법인,OC033,중국고객033,CNY,2025-06-09,2025-07-24,2362637.0,2362637.0,정상(미도래),448901030
AR0335,중국법인,OC033,중국고객033,CNY,2025-04-26,2025-05-26,438938.0,438938.0,31-60일,83398220
AR0337,중국법인,OC033,중국고객033,CNY,2025-06-10,2025-08-09,1387423.0,1387423.0,정상(미도래),263610370
AR0338,중국법인,OC033,중국고객033,CNY,2025-01-29,2025-03-30,434218.0,434218.0,91-180일,82501420
AR0339,중국법인,OC033,중국고객033,CNY,2025-06-25,2025-09-23,2032660.0,1016330.0,정상(미도래),193102700
AR0340,싱가포르법인,OC034,싱가고객034,SGD,2025-03-24,2025-05-08,66438.0,33219.0,31-60일,33883380
AR0343,싱가포르법인,OC034,싱가고객034,SGD,2025-01-22,2025-04-22,98879.99,49439.99,61-90일,50428790
AR0345,싱가포르법인,OC034,싱가고객034,SGD,2025-04-01,2025-05-01,87132.69,87132.69,31-60일,88875344
AR0351,싱가포르법인,OC034,싱가고객034,SGD,2025-03-29,2025-06-27,77630.87,38815.43,1-30일,39591739
AR0357,미국법인,OC035,미국고객035,USD,2025-04-13,2025-05-28,7868.56,7868.56,31-60일,10858613
AR0358,미국법인,OC035,미국고객035,USD,2025-02-03,2025-03-05,73671.62,73671.62,91-180일,101666836
AR0359,미국법인,OC035,미국고객035,USD,2025-03-06,2025-04-05,115208.16,57604.08,61-90일,79493630
AR0360,미국법인,OC035,미국고객035,USD,2025-03-23,2025-06-21,28482.72,14241.36,1-30일,19653077
AR0361,미국법인,OC035,미국고객035,USD,2025-03-21,2025-05-20,77914.01,38957.01,31-60일,53760674
AR0364,미국법인,OC035,미국고객035,USD,2025-04-25,2025-06-24,43131.32,43131.32,1-30일,59521222
AR0370,독일법인,OC036,독일고객036,EUR,2025-04-23,2025-06-07,11924.61,5962.31,1-30일,8943465
AR0373,독일법인,OC036,독일고객036,EUR,2025-01-03,2025-02-17,84524.79,84524.79,91-180일,126787185
AR0375,독일법인,OC036,독일고객036,EUR,2025-03-30,2025-05-14,53292.72,53292.72,31-60일,79939080
AR0378,중국법인,OC037,중국고객037,CNY,2025-04-05,2025-05-05,1760012.0,880006.0,31-60일,167201140
AR0379,중국법인,OC037,중국고객037,CNY,2025-01-14,2025-03-15,549805.0,274902.5,91-180일,52231475
AR0382,중국법인,OC037,중국고객037,CNY,2025-05-17,2025-07-01,1753800.0,876900.0,정상(미도래),166611000
AR0383,중국법인,OC037,중국고객037,CNY,2025-02-16,2025-05-17,1957775.0,1957775.0,31-60일,371977250
AR0384,중국법인,OC037,중국고객037,CNY,2025-03-31,2025-05-30,1461249.0,1461249.0,31-60일,277637310
AR0385,베트남법인,OC038,베트고객038,VND,2025-02-18,2025-04-19,2680621.0,2680621.0,61-90일,150115
AR0387,베트남법인,OC038,베트고객038,VND,2025-06-12,2025-07-12,2593513.0,2593513.0,정상(미도래),145237
AR0388,베트남법인,OC038,베트고객038,VND,2025-06-14,2025-08-13,2794543.0,2794543.0,정상(미도래),156494
AR0390,베트남법인,OC038,베트고객038,VND,2025-05-23,2025-07-22,1187493.0,1187493.0,정상(미도래),66500
AR0392,싱가포르법인,OC039,싱가고객039,SGD,2025-02-20,2025-04-06,17371.82,8685.91,61-90일,8859628
AR0395,싱가포르법인,OC039,싱가고객039,SGD,2025-01-31,2025-04-01,72358.67,72358.67,61-90일,73805843
AR0397,싱가포르법인,OC039,싱가고객039,SGD,2025-06-02,2025-07-17,75499.74,75499.74,정상(미도래),77009735
AR0398,싱가포르법인,OC039,싱가고객039,SGD,2025-03-21,2025-05-05,119907.38,59953.69,31-60일,61152764
AR0400,중국법인,OC040,중국고객040,CNY,2025-01-19,2025-04-19,2051986.0,1025993.0,61-90일,194938670
AR0405,중국법인,OC040,중국고객040,CNY,2025-05-30,2025-08-28,251120.0,251120.0,정상(미도래),47712800
AR0406,중국법인,OC040,중국고객040,CNY,2025-05-09,2025-08-07,2401605.0,1200802.5,정상(미도래),228152475
AR0411,싱가포르법인,OC041,싱가고객041,SGD,2025-06-30,2025-07-30,48346.39,24173.19,정상(미도래),24656654
AR0412,싱가포르법인,OC041,싱가고객041,SGD,2025-06-06,2025-09-04,18412.96,9206.48,정상(미도래),9390610
AR0415,싱가포르법인,OC041,싱가고객041,SGD,2025-02-23,2025-03-25,63556.11,63556.11,91-180일,64827232
AR0416,싱가포르법인,OC041,싱가고객041,SGD,2025-01-25,2025-04-25,88613.17,88613.17,61-90일,90385433
AR0419,싱가포르법인,OC041,싱가고객041,SGD,2025-06-04,2025-09-02,100858.72,100858.72,정상(미도래),102875894
AR0422,중국법인,OC042,중국고객042,CNY,2025-05-25,2025-07-09,1545196.0,1545196.0,정상(미도래),293587240
AR0423,중국법인,OC042,중국고객042,CNY,2025-05-23,2025-07-07,2245715.0,2245715.0,정상(미도래),426685850
AR0425,중국법인,OC042,중국고객042,CNY,2025-02-19,2025-04-05,1578640.0,1578640.0,61-90일,299941600
AR0428,중국법인,OC042,중국고객042,CNY,2025-01-02,2025-03-03,1757991.0,878995.5,91-180일,167009145
AR0437,싱가포르법인,OC043,싱가고객043,SGD,2025-03-13,2025-05-12,26346.12,26346.12,31-60일,26873042
AR0438,싱가포르법인,OC043,싱가고객043,SGD,2025-04-26,2025-06-10,66335.61,33167.81,1-30일,33831166
AR0446,싱가포르법인,OC044,싱가고객044,SGD,2025-03-15,2025-04-29,95907.39,95907.39,61-90일,97825538
AR0449,싱가포르법인,OC044,싱가고객044,SGD,2025-04-26,2025-06-10,26759.62,26759.62,1-30일,27294812
AR0450,중국법인,OC045,중국고객045,CNY,2025-03-10,2025-04-09,924441.0,462220.5,61-90일,87821895
AR0452,중국법인,OC045,중국고객045,CNY,2025-02-04,2025-03-06,1690137.0,1690137.0,91-180일,321126030
AR0456,중국법인,OC045,중국고객045,CNY,2025-06-01,2025-08-30,1433283.0,1433283.0,정상(미도래),272323770
AR0457,중국법인,OC045,중국고객045,CNY,2025-05-09,2025-08-07,694358.0,694358.0,정상(미도래),131928020
AR0458,중국법인,OC045,중국고객045,CNY,2025-04-19,2025-07-18,455385.0,455385.0,정상(미도래),86523150
AR0460,중국법인,OC045,중국고객045,CNY,2025-01-20,2025-02-19,242067.0,242067.0,91-180일,45992730
AR0462,중국법인,OC045,중국고객045,CNY,2025-04-11,2025-06-10,747381.0,747381.0,1-30일,142002390
AR0463,싱가포르법인,OC046,싱가고객046,SGD,2025-02-12,2025-03-29,65836.01,32918.01,91-180일,33576370
AR0464,싱가포르법인,OC046,싱가고객046,SGD,2025-05-30,2025-07-29,94512.69,94512.69,정상(미도래),96402944
AR0465,싱가포르법인,OC046,싱가고객046,SGD,2025-04-29,2025-07-28,49732.23,49732.23,정상(미도래),50726875
AR0466,싱가포르법인,OC046,싱가고객046,SGD,2025-05-24,2025-06-23,57098.9,57098.9,1-30일,58240878
AR0469,싱가포르법인,OC046,싱가고객046,SGD,2025-04-19,2025-06-18,57547.28,28773.64,1-30일,29349113
AR0475,독일법인,OC047,독일고객047,EUR,2025-06-04,2025-07-04,61559.19,61559.19,정상(미도래),92338785
AR0476,독일법인,OC047,독일고객047,EUR,2025-02-03,2025-04-04,80482.57,40241.28,61-90일,60361920
AR0485,독일법인,OC048,독일고객048,EUR,2025-04-18,2025-06-17,53145.46,53145.46,1-30일,79718190
AR0492,독일법인,OC048,독일고객048,EUR,2025-04-19,2025-05-19,60824.32,60824.32,31-60일,91236480
AR0498,미국법인,OC049,미국고객049,USD,2025-06-01,2025-07-16,40202.79,20101.39,정상(미도래),27739918
AR0500,미국법인,OC049,미국고객049,USD,2025-03-17,2025-06-15,29897.26,29897.26,1-30일,41258219
AR0502,미국법인,OC049,미국고객049,USD,2025-04-20,2025-06-04,86725.9,43362.95,1-30일,59840871
AR0513,중국법인,OC050,중국고객050,CNY,2025-05-30,2025-07-14,2492857.0,1246428.5,정상(미도래),236821415
AR0514,중국법인,OC050,중국고객050,CNY,2025-01-26,2025-03-27,2327014.0,1163507.0,91-180일,221066330
AR0515,중국법인,OC050,중국고객050,CNY,2025-04-19,2025-06-18,2760279.0,1380139.5,1-30일,262226505
AR0517,중국법인,OC051,중국고객051,CNY,2025-02-27,2025-04-28,1486291.0,1486291.0,61-90일,282395290
AR0519,중국법인,OC051,중국고객051,CNY,2025-05-10,2025-06-24,951301.0,475650.5,1-30일,90373595
AR0521,중국법인,OC051,중국고객051,CNY,2025-05-11,2025-06-25,381774.0,381774.0,1-30일,72537060
AR0523,중국법인,OC051,중국고객051,CNY,2025-02-12,2025-03-29,808832.0,808832.0,91-180일,153678080
AR0525,중국법인,OC051,중국고객051,CNY,2025-01-25,2025-02-24,816095.0,408047.5,91-180일,77529025
AR0526,중국법인,OC051,중국고객051,CNY,2025-05-25,2025-08-23,2402635.0,2402635.0,정상(미도래),456500650
AR0527,중국법인,OC051,중국고객051,CNY,2025-03-14,2025-04-28,2165208.0,1082604.0,61-90일,205694760
AR0529,싱가포르법인,OC052,싱가고객052,SGD,2025-03-03,2025-04-17,37925.81,37925.81,61-90일,38684326
AR0531,싱가포르법인,OC052,싱가고객052,SGD,2025-01-14,2025-04-14,40494.58,40494.58,61-90일,41304472
AR0534,싱가포르법인,OC052,싱가고객052,SGD,2025-06-04,2025-07-04,98675.13,98675.13,정상(미도래),100648633
AR0535,싱가포르법인,OC052,싱가고객052,SGD,2025-05-24,2025-07-08,103386.77,103386.77,정상(미도래),105454505
AR0538,미국법인,OC053,미국고객053,USD,2025-01-24,2025-04-24,76095.2,38047.6,61-90일,52505688
AR0539,미국법인,OC053,미국고객053,USD,2025-01-06,2025-02-20,29919.74,29919.74,91-180일,41289241
AR0547,독일법인,OC054,독일고객054,EUR,2025-05-24,2025-08-22,58408.6,58408.6,정상(미도래),87612900
AR0553,미국법인,OC055,미국고객055,USD,2025-02-16,2025-04-02,29151.32,29151.32,61-90일,40228822
AR0556,미국법인,OC055,미국고객055,USD,2025-02-07,2025-04-08,77165.19,77165.19,61-90일,106487962
AR0557,미국법인,OC055,미국고객055,USD,2025-01-22,2025-04-22,8689.03,4344.51,61-90일,5995424
AR0559,미국법인,OC055,미국고객055,USD,2025-05-31,2025-07-30,29813.93,14906.97,정상(미도래),20571619
AR0560,미국법인,OC055,미국고객055,USD,2025-04-24,2025-07-23,51725.76,51725.76,정상(미도래),71381549
AR0565,싱가포르법인,OC056,싱가고객056,SGD,2025-06-06,2025-08-05,9928.31,9928.31,정상(미도래),10126876
AR0571,싱가포르법인,OC056,싱가고객056,SGD,2025-05-28,2025-08-26,58042.13,29021.07,정상(미도래),29601491
AR0573,싱가포르법인,OC056,싱가고객056,SGD,2025-01-06,2025-03-07,69290.54,69290.54,91-180일,70676351
AR0575,싱가포르법인,OC056,싱가고객056,SGD,2025-05-03,2025-06-02,65886.36,32943.18,1-30일,33602044
AR0582,싱가포르법인,OC057,싱가고객057,SGD,2025-03-09,2025-05-08,89475.22,89475.22,31-60일,91264724
AR0583,싱가포르법인,OC057,싱가고객057,SGD,2025-01-07,2025-02-06,100257.37,50128.69,91-180일,51131264
AR0585,싱가포르법인,OC057,싱가고객057,SGD,2025-04-01,2025-05-16,28699.29,28699.29,31-60일,29273276
AR0590,미국법인,OC058,미국고객058,USD,2025-05-09,2025-06-08,28700.62,28700.62,1-30일,39606856
AR0592,미국법인,OC058,미국고객058,USD,2025-05-11,2025-07-10,79340.38,39670.19,정상(미도래),54744862
AR0593,미국법인,OC058,미국고객058,USD,2025-01-16,2025-03-17,22810.38,11405.19,91-180일,15739162
AR0596,미국법인,OC058,미국고객058,USD,2025-05-22,2025-07-06,39870.96,39870.96,정상(미도래),55021925
AR0597,싱가포르법인,OC059,싱가고객059,SGD,2025-03-10,2025-04-09,96792.84,48396.42,61-90일,49364348
AR0599,싱가포르법인,OC059,싱가고객059,SGD,2025-01-16,2025-03-17,81143.54,81143.54,91-180일,82766411
AR0601,싱가포르법인,OC059,싱가고객059,SGD,2025-02-03,2025-05-04,98700.91,98700.91,31-60일,100674928
AR0606,싱가포르법인,OC059,싱가고객059,SGD,2025-03-18,2025-04-17,80943.18,80943.18,61-90일,82562044
AR0610,중국법인,OC060,중국고객060,CNY,2025-03-08,2025-04-07,1886234.0,943117.0,61-90일,179192230
AR0614,중국법인,OC060,중국고객060,CNY,2025-02-20,2025-04-06,1067851.0,1067851.0,61-90일,202891690
AR0615,중국법인,OC060,중국고객060,CNY,2025-06-14,2025-07-29,2332479.0,2332479.0,정상(미도래),443171010
AR0618,독일법인,OC061,독일고객061,EUR,2025-06-05,2025-07-05,112082.24,56041.12,정상(미도래),84061680
AR0619,독일법인,OC061,독일고객061,EUR,2025-04-17,2025-05-17,42295.48,42295.48,31-60일,63443220
AR0625,독일법인,OC061,독일고객061,EUR,2025-05-19,2025-06-18,70351.5,35175.75,1-30일,52763625
AR0627,독일법인,OC061,독일고객061,EUR,2025-04-10,2025-05-10,76076.46,38038.23,31-60일,57057345
AR0630,베트남법인,OC062,베트고객062,VND,2025-06-26,2025-08-25,2986748.0,1493374.0,정상(미도래),83629
AR0632,베트남법인,OC062,베트고객062,VND,2025-01-15,2025-04-15,1685122.0,842561.0,61-90일,47183
AR0633,베트남법인,OC062,베트고객062,VND,2025-03-23,2025-05-07,1759931.0,1759931.0,31-60일,98556
AR0635,베트남법인,OC062,베트고객062,VND,2025-06-06,2025-09-04,1353052.0,676526.0,정상(미도래),37885
AR0636,베트남법인,OC062,베트고객062,VND,2025-04-02,2025-05-17,2698505.0,1349252.5,31-60일,75558
AR0639,베트남법인,OC062,베트고객062,VND,2025-04-22,2025-06-06,1031474.0,515737.0,1-30일,28881
AR0642,중국법인,OC063,중국고객063,CNY,2025-03-30,2025-05-14,155386.0,77693.0,31-60일,14761670
AR0648,중국법인,OC063,중국고객063,CNY,2025-05-27,2025-07-26,659833.0,659833.0,정상(미도래),125368270
AR0650,중국법인,OC063,중국고객063,CNY,2025-06-05,2025-08-04,290553.0,290553.0,정상(미도래),55205070
AR0653,중국법인,OC063,중국고객063,CNY,2025-02-16,2025-05-17,605294.0,605294.0,31-60일,115005860
AR0654,싱가포르법인,OC064,싱가고객064,SGD,2025-04-14,2025-07-13,73193.86,73193.86,정상(미도래),74657737
AR0658,싱가포르법인,OC064,싱가고객064,SGD,2025-03-21,2025-06-19,10823.07,10823.07,1-30일,11039531
AR0660,싱가포르법인,OC064,싱가고객064,SGD,2025-02-05,2025-03-07,117878.4,117878.4,91-180일,120235968
AR0661,싱가포르법인,OC064,싱가고객064,SGD,2025-06-20,2025-08-19,119127.02,59563.51,정상(미도래),60754780
AR0663,싱가포르법인,OC064,싱가고객064,SGD,2025-02-21,2025-04-07,106620.97,53310.49,61-90일,54376700
AR0664,싱가포르법인,OC064,싱가고객064,SGD,2025-04-12,2025-07-11,72952.61,72952.61,정상(미도래),74411662
AR0665,베트남법인,OC065,베트고객065,VND,2025-03-03,2025-04-02,551054.0,275527.0,61-90일,15430
AR0668,베트남법인,OC065,베트고객065,VND,2025-01-27,2025-02-26,363741.0,363741.0,91-180일,20369
AR0669,베트남법인,OC065,베트고객065,VND,2025-02-08,2025-03-10,2683136.0,2683136.0,91-180일,150256
AR0672,베트남법인,OC065,베트고객065,VND,2025-06-21,2025-08-20,1719680.0,1719680.0,정상(미도래),96302
AR0675,싱가포르법인,OC066,싱가고객066,SGD,2025-05-24,2025-06-23,79777.24,79777.24,1-30일,81372785
AR0676,싱가포르법인,OC066,싱가고객066,SGD,2025-05-11,2025-06-25,65401.45,32700.73,1-30일,33354745
AR0679,싱가포르법인,OC066,싱가고객066,SGD,2025-01-07,2025-02-06,45486.98,45486.98,91-180일,46396720
AR0681,싱가포르법인,OC066,싱가고객066,SGD,2025-01-20,2025-04-20,117986.83,117986.83,61-90일,120346567
AR0689,싱가포르법인,OC067,싱가고객067,SGD,2025-03-16,2025-04-15,85138.0,85138.0,61-90일,86840760
AR0692,싱가포르법인,OC067,싱가고객067,SGD,2025-03-14,2025-05-13,17834.05,8917.03,31-60일,9095371
AR0693,싱가포르법인,OC067,싱가고객067,SGD,2025-05-09,2025-08-07,111514.08,111514.08,정상(미도래),113744362
AR0695,싱가포르법인,OC067,싱가고객067,SGD,2025-03-21,2025-06-19,65122.78,32561.39,1-30일,33212618
AR0696,싱가포르법인,OC067,싱가고객067,SGD,2025-01-18,2025-04-18,74629.61,74629.61,61-90일,76122202
AR0698,미국법인,OC068,미국고객068,USD,2025-02-14,2025-03-31,29460.13,29460.13,91-180일,40654979
AR0699,미국법인,OC068,미국고객068,USD,2025-01-03,2025-02-17,59446.16,59446.16,91-180일,82035701
AR0704,중국법인,OC069,중국고객069,CNY,2025-05-03,2025-06-02,873371.0,873371.0,1-30일,165940490
AR0707,중국법인,OC069,중국고객069,CNY,2025-03-17,2025-04-16,1335226.0,1335226.0,61-90일,253692940
AR0713,베트남법인,OC070,베트고객070,VND,2025-04-18,2025-06-02,932731.0,932731.0,1-30일,52233
AR0714,베트남법인,OC070,베트고객070,VND,2025-04-01,2025-05-31,1767257.0,1767257.0,1-30일,98966
AR0717,베트남법인,OC070,베트고객070,VND,2025-06-16,2025-09-14,2440564.0,1220282.0,정상(미도래),68336
AR0720,베트남법인,OC070,베트고객070,VND,2025-04-14,2025-06-13,2391744.0,2391744.0,1-30일,133938
AR0721,베트남법인,OC070,베트고객070,VND,2025-02-16,2025-05-17,1920294.0,960147.0,31-60일,53768
AR0722,베트남법인,OC070,베트고객070,VND,2025-02-05,2025-03-22,1589007.0,1589007.0,91-180일,88984
AR0723,베트남법인,OC070,베트고객070,VND,2025-04-23,2025-05-23,1520979.0,1520979.0,31-60일,85175
AR0727,베트남법인,OC071,베트고객071,VND,2025-04-02,2025-06-01,2708315.0,1354157.5,1-30일,75833
AR0730,베트남법인,OC071,베트고객071,VND,2025-05-20,2025-06-19,826313.0,826313.0,1-30일,46274
AR0731,베트남법인,OC071,베트고객071,VND,2025-06-12,2025-07-27,1656495.0,828247.5,정상(미도래),46382
AR0732,베트남법인,OC071,베트고객071,VND,2025-01-16,2025-02-15,200259.0,100129.5,91-180일,5607
AR0733,베트남법인,OC071,베트고객071,VND,2025-04-24,2025-06-23,308236.0,308236.0,1-30일,17261
AR0741,중국법인,OC072,중국고객072,CNY,2025-04-20,2025-06-19,2207867.0,2207867.0,1-30일,419494730
AR0742,중국법인,OC072,중국고객072,CNY,2025-01-11,2025-04-11,2213358.0,2213358.0,61-90일,420538020
AR0748,중국법인,OC072,중국고객072,CNY,2025-05-25,2025-07-09,98218.0,98218.0,정상(미도래),18661420
AR0753,베트남법인,OC073,베트고객073,VND,2025-05-20,2025-08-18,1150371.0,1150371.0,정상(미도래),64421
AR0755,베트남법인,OC073,베트고객073,VND,2025-02-07,2025-03-09,571434.0,571434.0,91-180일,32000
AR0756,베트남법인,OC074,베트고객074,VND,2025-01-22,2025-04-22,841685.0,841685.0,61-90일,47134
AR0761,베트남법인,OC074,베트고객074,VND,2025-03-29,2025-04-28,2847185.0,2847185.0,61-90일,159442
AR0762,베트남법인,OC074,베트고객074,VND,2025-06-14,2025-07-29,430652.0,430652.0,정상(미도래),24117
AR0766,베트남법인,OC075,베트고객075,VND,2025-03-29,2025-04-28,1851948.0,925974.0,61-90일,51855
AR0768,베트남법인,OC075,베트고객075,VND,2025-05-13,2025-06-27,1083442.0,1083442.0,1-30일,60673
AR0769,베트남법인,OC075,베트고객075,VND,2025-06-15,2025-07-30,2719891.0,2719891.0,정상(미도래),152314
AR0774,베트남법인,OC075,베트고객075,VND,2025-04-23,2025-05-23,2164959.0,2164959.0,31-60일,121238
AR0775,독일법인,OC076,독일고객076,EUR,2025-03-29,2025-05-28,82728.54,41364.27,31-60일,62046405
AR0780,독일법인,OC076,독일고객076,EUR,2025-06-07,2025-07-07,95347.35,95347.35,정상(미도래),143021025
AR0782,독일법인,OC076,독일고객076,EUR,2025-06-02,2025-07-02,86777.96,43388.98,정상(미도래),65083470
AR0785,미국법인,OC077,미국고객077,USD,2025-01-11,2025-02-10,6832.71,3416.35,91-180일,4714563
AR0792,미국법인,OC077,미국고객077,USD,2025-06-28,2025-08-27,14026.97,14026.97,정상(미도래),19357219
AR0798,싱가포르법인,OC078,싱가고객078,SGD,2025-01-04,2025-02-03,75888.2,75888.2,91-180일,77405964
AR0799,싱가포르법인,OC078,싱가고객078,SGD,2025-05-30,2025-08-28,94146.09,94146.09,정상(미도래),96029012
AR0803,싱가포르법인,OC078,싱가고객078,SGD,2025-05-09,2025-07-08,99618.06,99618.06,정상(미도래),101610421
AR0805,싱가포르법인,OC078,싱가고객078,SGD,2025-06-17,2025-07-17,26514.24,26514.24,정상(미도래),27044525
AR0806,싱가포르법인,OC078,싱가고객078,SGD,2025-04-07,2025-07-06,102521.32,51260.66,정상(미도래),52285873
AR0808,싱가포르법인,OC078,싱가고객078,SGD,2025-02-09,2025-03-11,21416.38,21416.38,91-180일,21844708
AR0809,미국법인,OC079,미국고객079,USD,2025-06-03,2025-09-01,107352.0,107352.0,정상(미도래),148145760
AR0811,미국법인,OC079,미국고객079,USD,2025-04-25,2025-06-24,9246.48,4623.24,1-30일,6380071
AR0814,미국법인,OC079,미국고객079,USD,2025-05-26,2025-07-10,105041.62,105041.62,정상(미도래),144957436
AR0815,미국법인,OC079,미국고객079,USD,2025-06-12,2025-07-12,92229.07,92229.07,정상(미도래),127276117
AR0822,독일법인,OC080,독일고객080,EUR,2025-05-01,2025-07-30,80436.98,40218.49,정상(미도래),60327735
AR0826,독일법인,OC080,독일고객080,EUR,2025-05-25,2025-07-09,83233.77,83233.77,정상(미도래),124850655
AR0830,싱가포르법인,OC081,싱가고객081,SGD,2025-02-18,2025-05-19,22145.33,22145.33,31-60일,22588237
AR0832,싱가포르법인,OC081,싱가고객081,SGD,2025-04-17,2025-05-17,82065.88,82065.88,31-60일,83707198
AR0833,싱가포르법인,OC081,싱가고객081,SGD,2025-01-14,2025-03-15,79403.01,39701.51,91-180일,40495540
AR0834,미국법인,OC082,미국고객082,USD,2025-03-26,2025-04-25,106891.57,106891.57,61-90일,147510367
AR0835,미국법인,OC082,미국고객082,USD,2025-02-24,2025-04-10,78881.75,78881.75,61-90일,108856815
AR0843,미국법인,OC083,미국고객083,USD,2025-06-10,2025-07-25,107566.99,53783.49,정상(미도래),74221216
AR0844,미국법인,OC083,미국고객083,USD,2025-04-13,2025-05-13,80554.75,80554.75,31-60일,111165555
AR0846,미국법인,OC083,미국고객083,USD,2025-05-05,2025-06-04,24853.46,12426.73,1-30일,17148887
AR0847,미국법인,OC083,미국고객083,USD,2025-01-14,2025-04-14,9719.31,9719.31,61-90일,13412648
AR0849,미국법인,OC083,미국고객083,USD,2025-04-01,2025-05-16,30709.37,15354.69,31-60일,21189472
AR0851,미국법인,OC083,미국고객083,USD,2025-02-17,2025-03-19,97608.26,97608.26,91-180일,134699399
AR0852,중국법인,OC084,중국고객084,CNY,2025-05-29,2025-07-13,2074046.0,2074046.0,정상(미도래),394068740
AR0853,중국법인,OC084,중국고객084,CNY,2025-01-18,2025-02-17,2084066.0,2084066.0,91-180일,395972540
AR0857,중국법인,OC084,중국고객084,CNY,2025-05-04,2025-06-18,2442683.0,1221341.5,1-30일,232054885
AR0858,중국법인,OC084,중국고객084,CNY,2025-03-23,2025-06-21,1254092.0,1254092.0,1-30일,238277480
AR0861,독일법인,OC085,독일고객085,EUR,2025-01-10,2025-03-11,46015.99,46015.99,91-180일,69023985
AR0864,독일법인,OC085,독일고객085,EUR,2025-05-20,2025-07-19,5682.44,2841.22,정상(미도래),4261830
AR0865,독일법인,OC085,독일고객085,EUR,2025-01-19,2025-02-18,105941.49,105941.49,91-180일,158912235
AR0867,독일법인,OC085,독일고객085,EUR,2025-01-09,2025-02-23,92141.54,92141.54,91-180일,138212310
AR0868,독일법인,OC085,독일고객085,EUR,2025-02-05,2025-04-06,43233.38,43233.38,61-90일,64850070
AR0869,독일법인,OC085,독일고객085,EUR,2025-02-26,2025-04-12,19941.92,19941.92,61-90일,29912880
AR0873,중국법인,OC086,중국고객086,CNY,2025-02-18,2025-03-20,586261.0,586261.0,91-180일,111389590
AR0874,중국법인,OC086,중국고객086,CNY,2025-04-06,2025-06-05,2262929.0,2262929.0,1-30일,429956510
AR0875,중국법인,OC086,중국고객086,CNY,2025-02-18,2025-04-04,1469965.0,1469965.0,61-90일,279293350
AR0876,중국법인,OC086,중국고객086,CNY,2025-03-08,2025-04-07,1201580.0,1201580.0,61-90일,228300200
AR0877,중국법인,OC086,중국고객086,CNY,2025-05-15,2025-08-13,2788735.0,1394367.5,정상(미도래),264929825
AR0879,중국법인,OC086,중국고객086,CNY,2025-01-05,2025-02-04,1411977.0,1411977.0,91-180일,268275630
AR0881,중국법인,OC086,중국고객086,CNY,2025-04-08,2025-05-23,2621773.0,1310886.5,31-60일,249068435
AR0883,중국법인,OC086,중국고객086,CNY,2025-05-05,2025-07-04,1248757.0,624378.5,정상(미도래),118631915
AR0884,중국법인,OC086,중국고객086,CNY,2025-03-11,2025-04-25,2749151.0,2749151.0,61-90일,522338690
AR0887,미국법인,OC087,미국고객087,USD,2025-01-26,2025-03-12,91504.19,91504.19,91-180일,126275782
AR0891,미국법인,OC087,미국고객087,USD,2025-03-14,2025-06-12,100762.25,100762.25,1-30일,139051905
AR0895,미국법인,OC088,미국고객088,USD,2025-04-29,2025-06-28,68771.93,68771.93,1-30일,94905263
AR0904,미국법인,OC089,미국고객089,USD,2025-02-08,2025-05-09,85576.49,85576.49,31-60일,118095556
AR0907,미국법인,OC089,미국고객089,USD,2025-04-24,2025-06-23,5167.49,2583.75,1-30일,3565575
AR0915,미국법인,OC090,미국고객090,USD,2025-04-17,2025-06-01,101929.56,101929.56,1-30일,140662793
AR0916,미국법인,OC090,미국고객090,USD,2025-06-20,2025-08-04,11901.06,5950.53,정상(미도래),8211731
AR0917,미국법인,OC090,미국고객090,USD,2025-05-23,2025-08-21,92309.4,46154.7,정상(미도래),63693486
AR0927,미국법인,OC091,미국고객091,USD,2025-04-01,2025-05-31,5837.11,5837.11,1-30일,8055212
AR0928,미국법인,OC091,미국고객091,USD,2025-06-25,2025-09-23,73865.0,73865.0,정상(미도래),101933700
AR0929,미국법인,OC092,미국고객092,USD,2025-02-15,2025-04-01,82024.89,82024.89,61-90일,113194348
AR0930,미국법인,OC092,미국고객092,USD,2025-04-30,2025-07-29,49201.67,24600.83,정상(미도래),33949145
AR0931,미국법인,OC092,미국고객092,USD,2025-01-01,2025-02-15,21484.0,21484.0,91-180일,29647920
AR0932,미국법인,OC092,미국고객092,USD,2025-05-26,2025-06-25,17240.83,17240.83,1-30일,23792345
AR0937,미국법인,OC092,미국고객092,USD,2025-02-13,2025-03-15,11856.96,5928.48,91-180일,8181302
AR0939,베트남법인,OC093,베트고객093,VND,2025-01-01,2025-02-15,1964263.0,982131.5,91-180일,54999
AR0941,베트남법인,OC093,베트고객093,VND,2025-05-09,2025-06-23,702453.0,351226.5,1-30일,19669
AR0945,베트남법인,OC093,베트고객093,VND,2025-03-29,2025-05-13,1388093.0,1388093.0,31-60일,77733
AR0947,베트남법인,OC094,베트고객094,VND,2025-01-15,2025-02-14,2388579.0,2388579.0,91-180일,133760
AR0949,베트남법인,OC094,베트고객094,VND,2025-05-11,2025-06-25,1350897.0,1350897.0,1-30일,75650
AR0950,베트남법인,OC094,베트고객094,VND,2025-04-13,2025-07-12,2548528.0,1274264.0,정상(미도래),71359
AR0953,중국법인,OC095,중국고객095,CNY,2025-05-12,2025-07-11,2570401.0,1285200.5,정상(미도래),244188095
AR0954,중국법인,OC095,중국고객095,CNY,2025-06-13,2025-08-12,2885320.0,2885320.0,정상(미도래),548210800
AR0958,중국법인,OC095,중국고객095,CNY,2025-03-15,2025-04-29,2889097.0,2889097.0,61-90일,548928430
AR0961,중국법인,OC095,중국고객095,CNY,2025-06-29,2025-08-28,2674989.0,1337494.5,정상(미도래),254123955
AR0964,중국법인,OC095,중국고객095,CNY,2025-05-16,2025-08-14,525208.0,262604.0,정상(미도래),49894760
AR0966,미국법인,OC096,미국고객096,USD,2025-06-16,2025-09-14,23179.5,11589.75,정상(미도래),15993855
AR0975,미국법인,OC097,미국고객097,USD,2025-05-18,2025-06-17,95358.71,95358.71,1-30일,131595020
AR0979,미국법인,OC097,미국고객097,USD,2025-06-30,2025-07-30,31730.8,15865.4,정상(미도래),21894252
AR0980,미국법인,OC097,미국고객097,USD,2025-02-01,2025-03-03,39513.51,19756.75,91-180일,27264315
AR0984,중국법인,OC098,중국고객098,CNY,2025-05-20,2025-07-04,1774468.0,887234.0,정상(미도래),168574460
AR0985,중국법인,OC098,중국고객098,CNY,2025-03-28,2025-05-27,1294789.0,647394.5,31-60일,123004955
AR0987,중국법인,OC098,중국고객098,CNY,2025-04-03,2025-06-02,1701238.0,1701238.0,1-30일,323235220
AR0988,중국법인,OC098,중국고객098,CNY,2025-06-11,2025-07-11,2652733.0,2652733.0,정상(미도래),504019270
AR0990,독일법인,OC099,독일고객099,EUR,2025-03-16,2025-05-15,109208.6,109208.6,31-60일,163812900
AR0991,독일법인,OC099,독일고객099,EUR,2025-04-01,2025-05-01,21668.26,10834.13,31-60일,16251195
AR0995,독일법인,OC099,독일고객099,EUR,2025-04-14,2025-05-14,39394.76,39394.76,31-60일,59092140
AR0997,베트남법인,OC100,베트고객100,VND,2025-04-12,2025-05-27,1782501.0,1782501.0,31-60일,99820
AR1001,베트남법인,OC100,베트고객100,VND,2025-03-20,2025-05-04,701479.0,701479.0,31-60일,39283
AR1002,베트남법인,OC100,베트고객100,VND,2025-05-26,2025-07-10,2738253.0,1369126.5,정상(미도래),76671
AR1003,베트남법인,OC100,베트고객100,VND,2025-01-12,2025-02-26,375910.0,375910.0,91-180일,21051
AR1008,베트남법인,OC100,베트고객100,VND,2025-04-10,2025-05-25,2296177.0,2296177.0,31-60일,128586
AR1016,독일법인,OC102,독일고객102,EUR,2025-05-01,2025-06-30,119818.27,119818.27,1-30일,179727405
AR1017,독일법인,OC102,독일고객102,EUR,2025-05-04,2025-08-02,101556.77,101556.77,정상(미도래),152335155
AR1018,독일법인,OC102,독일고객102,EUR,2025-06-29,2025-09-27,34543.93,34543.93,정상(미도래),51815895
AR1019,독일법인,OC102,독일고객102,EUR,2025-06-03,2025-07-03,34069.24,34069.24,정상(미도래),51103860
AR1020,독일법인,OC102,독일고객102,EUR,2025-04-21,2025-07-20,52677.0,52677.0,정상(미도래),79015500
AR1021,독일법인,OC102,독일고객102,EUR,2025-04-26,2025-05-26,102455.46,102455.46,31-60일,153683190
AR1022,독일법인,OC102,독일고객102,EUR,2025-04-02,2025-05-17,36465.56,18232.78,31-60일,27349170
AR1023,독일법인,OC102,독일고객102,EUR,2025-03-20,2025-04-19,109055.25,109055.25,61-90일,163582875
AR1024,독일법인,OC102,독일고객102,EUR,2025-02-14,2025-04-15,55390.07,55390.07,61-90일,83085105
AR1025,독일법인,OC102,독일고객102,EUR,2025-01-09,2025-02-08,42352.7,21176.35,91-180일,31764525
AR1028,독일법인,OC102,독일고객102,EUR,2025-02-12,2025-05-13,44707.94,44707.94,31-60일,67061910
AR1032,싱가포르법인,OC103,싱가고객103,SGD,2025-03-12,2025-04-26,44898.15,44898.15,61-90일,45796113
AR1036,싱가포르법인,OC103,싱가고객103,SGD,2025-05-23,2025-08-21,113036.47,56518.23,정상(미도래),57648595
AR1038,싱가포르법인,OC103,싱가고객103,SGD,2025-02-04,2025-03-06,37841.89,37841.89,91-180일,38598728
AR1040,미국법인,OC104,미국고객104,USD,2025-04-05,2025-06-04,50237.68,25118.84,1-30일,34663999
AR1041,미국법인,OC104,미국고객104,USD,2025-06-01,2025-08-30,49874.63,49874.63,정상(미도래),68826989
AR1043,미국법인,OC104,미국고객104,USD,2025-01-06,2025-03-07,113949.14,113949.14,91-180일,157249813
AR1046,미국법인,OC104,미국고객104,USD,2025-06-04,2025-09-02,70406.08,70406.08,정상(미도래),97160390
AR1047,미국법인,OC104,미국고객104,USD,2025-01-09,2025-02-08,111304.03,111304.03,91-180일,153599561
AR1048,미국법인,OC104,미국고객104,USD,2025-04-09,2025-06-08,39349.25,19674.63,1-30일,27150989
AR1053,미국법인,OC105,미국고객105,USD,2025-03-29,2025-05-28,35314.27,17657.14,31-60일,24366853
AR1054,미국법인,OC105,미국고객105,USD,2025-05-18,2025-07-17,76684.73,76684.73,정상(미도래),105824927
AR1057,미국법인,OC105,미국고객105,USD,2025-06-28,2025-08-12,30506.63,30506.63,정상(미도래),42099149
AR1059,미국법인,OC105,미국고객105,USD,2025-02-24,2025-04-10,119541.5,59770.75,61-90일,82483635
AR1060,미국법인,OC105,미국고객105,USD,2025-01-08,2025-02-22,78725.18,78725.18,91-180일,108640748
AR1062,싱가포르법인,OC106,싱가고객106,SGD,2025-05-02,2025-07-31,14062.74,7031.37,정상(미도래),7171997
AR1063,싱가포르법인,OC106,싱가고객106,SGD,2025-01-04,2025-04-04,88232.99,44116.49,61-90일,44998820
AR1064,싱가포르법인,OC106,싱가고객106,SGD,2025-04-02,2025-05-02,92689.33,46344.67,31-60일,47271563
AR1065,싱가포르법인,OC106,싱가고객106,SGD,2025-04-13,2025-05-28,13665.23,13665.23,31-60일,13938535
AR1066,싱가포르법인,OC106,싱가고객106,SGD,2025-06-29,2025-07-29,65102.32,65102.32,정상(미도래),66404366
AR1067,싱가포르법인,OC106,싱가고객106,SGD,2025-06-30,2025-08-29,90942.05,90942.05,정상(미도래),92760891
AR1069,싱가포르법인,OC106,싱가고객106,SGD,2025-05-11,2025-06-10,74065.78,74065.78,1-30일,75547096
AR1071,싱가포르법인,OC106,싱가고객106,SGD,2025-05-31,2025-07-15,64517.84,64517.84,정상(미도래),65808197
AR1073,싱가포르법인,OC107,싱가고객107,SGD,2025-02-09,2025-03-11,46457.64,46457.64,91-180일,47386793
AR1078,싱가포르법인,OC107,싱가고객107,SGD,2025-06-30,2025-07-30,5297.31,2648.65,정상(미도래),2701623
AR1079,싱가포르법인,OC107,싱가고객107,SGD,2025-01-28,2025-04-28,118842.09,59421.05,61-90일,60609471
AR1080,미국법인,OC108,미국고객108,USD,2025-04-22,2025-06-21,50432.75,50432.75,1-30일,69597195
AR1083,미국법인,OC108,미국고객108,USD,2025-04-30,2025-06-29,48075.51,48075.51,1-30일,66344204
AR1088,미국법인,OC108,미국고객108,USD,2025-02-04,2025-03-06,68242.06,34121.03,91-180일,47087021
AR1096,미국법인,OC109,미국고객109,USD,2025-05-12,2025-06-26,27482.49,27482.49,1-30일,37925836
AR1098,독일법인,OC110,독일고객110,EUR,2025-02-18,2025-04-04,52069.28,52069.28,61-90일,78103920
AR1099,독일법인,OC110,독일고객110,EUR,2025-04-10,2025-05-25,118076.18,118076.18,31-60일,177114270
AR1102,독일법인,OC110,독일고객110,EUR,2025-02-22,2025-03-24,81704.82,81704.82,91-180일,122557230
AR1103,독일법인,OC110,독일고객110,EUR,2025-06-02,2025-07-17,41278.98,41278.98,정상(미도래),61918470
AR1104,독일법인,OC110,독일고객110,EUR,2025-01-04,2025-04-04,85518.5,85518.5,61-90일,128277750
AR1106,독일법인,OC110,독일고객110,EUR,2025-06-04,2025-07-19,31385.86,15692.93,정상(미도래),23539395
AR1107,독일법인,OC110,독일고객110,EUR,2025-05-12,2025-07-11,76957.34,76957.34,정상(미도래),115436010
AR1110,독일법인,OC110,독일고객110,EUR,2025-03-03,2025-04-17,44248.36,44248.36,61-90일,66372540
AR1118,중국법인,OC111,중국고객111,CNY,2025-04-06,2025-05-06,88153.0,44076.5,31-60일,8374535
AR1121,싱가포르법인,OC112,싱가고객112,SGD,2025-06-07,2025-07-22,77988.11,77988.11,정상(미도래),79547872
AR1123,싱가포르법인,OC112,싱가고객112,SGD,2025-04-23,2025-06-22,27750.82,27750.82,1-30일,28305836
AR1124,싱가포르법인,OC112,싱가고객112,SGD,2025-03-17,2025-04-16,40630.57,40630.57,61-90일,41443181
AR1129,중국법인,OC113,중국고객113,CNY,2025-02-26,2025-04-12,1617606.0,1617606.0,61-90일,307345140
AR1131,중국법인,OC113,중국고객113,CNY,2025-06-23,2025-08-07,721072.0,721072.0,정상(미도래),137003680
AR1135,중국법인,OC113,중국고객113,CNY,2025-03-20,2025-04-19,2859617.0,1429808.5,61-90일,271663615
AR1141,독일법인,OC114,독일고객114,EUR,2025-04-23,2025-06-07,91223.05,45611.53,1-30일,68417295
AR1147,독일법인,OC114,독일고객114,EUR,2025-01-04,2025-02-18,80114.45,40057.23,91-180일,60085845
AR1150,중국법인,OC115,중국고객115,CNY,2025-02-17,2025-04-18,2481295.0,2481295.0,61-90일,471446050
AR1151,중국법인,OC115,중국고객115,CNY,2025-05-24,2025-07-23,1351030.0,1351030.0,정상(미도래),256695700
AR1152,중국법인,OC115,중국고객115,CNY,2025-06-04,2025-07-19,2160886.0,1080443.0,정상(미도래),205284170
AR1165,중국법인,OC117,중국고객117,CNY,2025-04-23,2025-05-23,2369745.0,1184872.5,31-60일,225125775
AR1167,중국법인,OC117,중국고객117,CNY,2025-04-01,2025-05-31,833985.0,833985.0,1-30일,158457150
AR1169,중국법인,OC117,중국고객117,CNY,2025-06-08,2025-07-08,574877.0,287438.5,정상(미도래),54613315
AR1170,중국법인,OC117,중국고객117,CNY,2025-04-20,2025-06-19,303741.0,303741.0,1-30일,57710790
AR1172,중국법인,OC117,중국고객117,CNY,2025-03-06,2025-05-05,2666014.0,2666014.0,31-60일,506542660
AR1174,중국법인,OC117,중국고객117,CNY,2025-06-15,2025-07-30,1016961.0,1016961.0,정상(미도래),193222590
AR1176,미국법인,OC118,미국고객118,USD,2025-04-12,2025-05-12,21394.68,21394.68,31-60일,29524658
AR1181,미국법인,OC118,미국고객118,USD,2025-03-01,2025-04-15,72005.1,36002.55,61-90일,49683519
AR1184,미국법인,OC118,미국고객118,USD,2025-03-08,2025-05-07,55567.7,55567.7,31-60일,76683426
AR1186,미국법인,OC118,미국고객118,USD,2025-01-19,2025-02-18,107692.1,53846.05,91-180일,74307549
AR1192,싱가포르법인,OC119,싱가고객119,SGD,2025-03-10,2025-04-24,33577.68,16788.84,61-90일,17124617
AR1195,싱가포르법인,OC119,싱가고객119,SGD,2025-03-11,2025-04-25,112502.43,56251.21,61-90일,57376234
AR1197,싱가포르법인,OC119,싱가고객119,SGD,2025-02-14,2025-03-31,115614.48,115614.48,91-180일,117926770
AR1198,싱가포르법인,OC119,싱가고객119,SGD,2025-01-07,2025-02-06,40589.67,40589.67,91-180일,41401463
AR1200,싱가포르법인,OC119,싱가고객119,SGD,2025-06-17,2025-07-17,62491.68,62491.68,정상(미도래),63741514
AR1202,미국법인,OC120,미국고객120,USD,2025-03-02,2025-04-16,61118.65,30559.33,61-90일,42171875
AR1206,미국법인,OC120,미국고객120,USD,2025-03-31,2025-06-29,55591.34,55591.34,1-30일,76716049
AR1207,미국법인,OC120,미국고객120,USD,2025-01-22,2025-03-08,67924.5,33962.25,91-180일,46867905
AR1208,미국법인,OC120,미국고객120,USD,2025-05-25,2025-07-09,88406.22,88406.22,정상(미도래),122000584
AR1213,미국법인,OC120,미국고객120,USD,2025-02-23,2025-04-24,49776.54,24888.27,61-90일,34345813
AR1215,미국법인,OC120,미국고객120,USD,2025-06-14,2025-09-12,80510.71,80510.71,정상(미도래),111104780
AR1216,미국법인,OC121,미국고객121,USD,2025-04-05,2025-05-05,87824.45,87824.45,31-60일,121197741
AR1221,미국법인,OC121,미국고객121,USD,2025-03-18,2025-05-02,71882.76,71882.76,31-60일,99198209
AR1223,미국법인,OC121,미국고객121,USD,2025-05-27,2025-06-26,28372.82,28372.82,1-30일,39154492
AR1224,미국법인,OC121,미국고객121,USD,2025-03-11,2025-05-10,63273.04,63273.04,31-60일,87316795
AR1228,중국법인,OC122,중국고객122,CNY,2025-01-03,2025-02-02,186805.0,186805.0,91-180일,35492950
AR1236,중국법인,OC123,중국고객123,CNY,2025-05-31,2025-08-29,606880.0,303440.0,정상(미도래),57653600
AR1237,중국법인,OC123,중국고객123,CNY,2025-01-06,2025-03-07,1445055.0,722527.5,91-180일,137280225
AR1239,중국법인,OC123,중국고객123,CNY,2025-04-01,2025-05-01,216006.0,108003.0,31-60일,20520570
AR1242,미국법인,OC124,미국고객124,USD,2025-06-24,2025-07-24,59014.06,59014.06,정상(미도래),81439403
AR1243,미국법인,OC124,미국고객124,USD,2025-05-21,2025-06-20,89557.69,89557.69,1-30일,123589612
AR1244,미국법인,OC124,미국고객124,USD,2025-05-31,2025-08-29,116943.0,116943.0,정상(미도래),161381340
AR1245,미국법인,OC124,미국고객124,USD,2025-01-24,2025-02-23,11909.98,5954.99,91-180일,8217886
AR1246,미국법인,OC124,미국고객124,USD,2025-01-27,2025-04-27,78083.44,39041.72,61-90일,53877574
AR1248,미국법인,OC124,미국고객124,USD,2025-01-21,2025-02-20,15097.17,7548.59,91-180일,10417054
AR1261,중국법인,OC125,중국고객125,CNY,2025-02-17,2025-04-18,416368.0,416368.0,61-90일,79109920
AR1262,중국법인,OC125,중국고객125,CNY,2025-05-25,2025-08-23,2643106.0,1321553.0,정상(미도래),251095070
AR1266,중국법인,OC125,중국고객125,CNY,2025-06-22,2025-08-06,791887.0,791887.0,정상(미도래),150458530
AR1269,독일법인,OC126,독일고객126,EUR,2025-02-10,2025-03-12,21751.62,21751.62,91-180일,32627430
AR1270,독일법인,OC126,독일고객126,EUR,2025-03-01,2025-04-15,59900.6,29950.3,61-90일,44925450
AR1276,독일법인,OC127,독일고객127,EUR,2025-03-03,2025-06-01,21621.51,10810.75,1-30일,16216125
AR1278,독일법인,OC127,독일고객127,EUR,2025-04-02,2025-05-17,38895.97,19447.99,31-60일,29171985
AR1279,독일법인,OC127,독일고객127,EUR,2025-06-29,2025-09-27,57394.7,57394.7,정상(미도래),86092050
AR1280,독일법인,OC127,독일고객127,EUR,2025-06-19,2025-09-17,89860.05,89860.05,정상(미도래),134790075
AR1283,독일법인,OC127,독일고객127,EUR,2025-04-06,2025-06-05,59882.49,59882.49,1-30일,89823735
AR1285,독일법인,OC127,독일고객127,EUR,2025-06-10,2025-09-08,47627.57,23813.79,정상(미도래),35720685
AR1287,독일법인,OC128,독일고객128,EUR,2025-06-03,2025-09-01,11145.51,11145.51,정상(미도래),16718265
AR1289,독일법인,OC128,독일고객128,EUR,2025-05-24,2025-08-22,64943.75,64943.75,정상(미도래),97415625
AR1290,독일법인,OC128,독일고객128,EUR,2025-01-03,2025-03-04,11424.36,11424.36,91-180일,17136540
AR1291,독일법인,OC128,독일고객128,EUR,2025-02-11,2025-03-13,48462.03,48462.03,91-180일,72693045
AR1294,독일법인,OC128,독일고객128,EUR,2025-05-24,2025-07-23,79661.29,79661.29,정상(미도래),119491935
AR1297,독일법인,OC128,독일고객128,EUR,2025-05-22,2025-08-20,117416.62,117416.62,정상(미도래),176124930
AR1301,미국법인,OC129,미국고객129,USD,2025-04-11,2025-06-10,82018.03,82018.03,1-30일,113184881
AR1303,미국법인,OC129,미국고객129,USD,2025-01-12,2025-02-26,88521.74,88521.74,91-180일,122160001
AR1308,미국법인,OC129,미국고객129,USD,2025-06-13,2025-08-12,91029.09,91029.09,정상(미도래),125620144
AR1309,미국법인,OC129,미국고객129,USD,2025-06-24,2025-09-22,99489.99,99489.99,정상(미도래),137296186
AR1311,미국법인,OC129,미국고객129,USD,2025-01-10,2025-04-10,61632.68,61632.68,61-90일,85053098
AR1312,미국법인,OC129,미국고객129,USD,2025-01-17,2025-02-16,27653.07,27653.07,91-180일,38161237
AR1317,싱가포르법인,OC130,싱가고객130,SGD,2025-05-03,2025-08-01,9416.91,4708.45,정상(미도래),4802619
AR1319,싱가포르법인,OC130,싱가고객130,SGD,2025-05-09,2025-06-23,65618.28,65618.28,1-30일,66930646
AR1321,싱가포르법인,OC130,싱가고객130,SGD,2025-06-01,2025-07-16,7844.36,3922.18,정상(미도래),4000624
AR1323,싱가포르법인,OC130,싱가고객130,SGD,2025-01-27,2025-02-26,65361.43,65361.43,91-180일,66668659
AR1324,싱가포르법인,OC130,싱가고객130,SGD,2025-06-01,2025-07-01,96745.01,96745.01,정상(미도래),98679910
AR1325,싱가포르법인,OC130,싱가고객130,SGD,2025-02-14,2025-03-31,5835.54,5835.54,91-180일,5952251
AR1326,싱가포르법인,OC130,싱가고객130,SGD,2025-06-06,2025-07-06,26636.53,13318.27,정상(미도래),13584635
AR1328,중국법인,OC131,중국고객131,CNY,2025-02-07,2025-03-09,1494114.0,1494114.0,91-180일,283881660
AR1329,중국법인,OC131,중국고객131,CNY,2025-04-15,2025-06-14,2516346.0,1258173.0,1-30일,239052870
AR1331,중국법인,OC131,중국고객131,CNY,2025-04-02,2025-05-17,1378760.0,1378760.0,31-60일,261964400
AR1335,중국법인,OC131,중국고객131,CNY,2025-04-10,2025-05-25,1847809.0,923904.5,31-60일,175541855
AR1343,중국법인,OC132,중국고객132,CNY,2025-05-03,2025-06-02,2258060.0,2258060.0,1-30일,429031400
AR1345,중국법인,OC132,중국고객132,CNY,2025-05-09,2025-06-08,1955751.0,977875.5,1-30일,185796345
AR1346,중국법인,OC132,중국고객132,CNY,2025-01-18,2025-03-04,1957505.0,978752.5,91-180일,185962975
AR1348,중국법인,OC132,중국고객132,CNY,2025-03-30,2025-04-29,2087069.0,2087069.0,61-90일,396543110
AR1350,미국법인,OC133,미국고객133,USD,2025-02-18,2025-05-19,29657.67,14828.83,31-60일,20463785
AR1352,미국법인,OC133,미국고객133,USD,2025-02-09,2025-04-10,26687.33,26687.33,61-90일,36828515
AR1353,미국법인,OC133,미국고객133,USD,2025-05-13,2025-08-11,83473.81,41736.91,정상(미도래),57596936
AR1354,미국법인,OC133,미국고객133,USD,2025-03-19,2025-06-17,50825.83,25412.91,1-30일,35069816
AR1355,미국법인,OC133,미국고객133,USD,2025-01-15,2025-04-15,90231.27,45115.63,61-90일,62259569
AR1358,미국법인,OC133,미국고객133,USD,2025-01-12,2025-02-26,116282.55,58141.27,91-180일,80234953
AR1361,미국법인,OC133,미국고객133,USD,2025-03-17,2025-05-16,13401.55,6700.77,31-60일,9247063
AR1363,미국법인,OC133,미국고객133,USD,2025-03-24,2025-05-23,62313.42,62313.42,31-60일,85992520
AR1364,중국법인,OC134,중국고객134,CNY,2025-04-27,2025-07-26,2680937.0,2680937.0,정상(미도래),509378030
AR1365,중국법인,OC134,중국고객134,CNY,2025-04-09,2025-06-08,1809731.0,904865.5,1-30일,171924445
AR1368,중국법인,OC134,중국고객134,CNY,2025-06-17,2025-08-01,994806.0,994806.0,정상(미도래),189013140
AR1369,중국법인,OC134,중국고객134,CNY,2025-02-27,2025-05-28,537932.0,537932.0,31-60일,102207080
AR1372,독일법인,OC135,독일고객135,EUR,2025-02-27,2025-04-28,5183.83,5183.83,61-90일,7775745
AR1373,독일법인,OC135,독일고객135,EUR,2025-03-13,2025-04-27,25450.5,12725.25,61-90일,19087875
AR1375,독일법인,OC135,독일고객135,EUR,2025-04-29,2025-06-28,104519.6,52259.8,1-30일,78389700
AR1376,독일법인,OC135,독일고객135,EUR,2025-05-18,2025-06-17,109797.59,54898.79,1-30일,82348185
AR1379,싱가포르법인,OC136,싱가고객136,SGD,2025-06-16,2025-09-14,88504.44,88504.44,정상(미도래),90274529
AR1380,싱가포르법인,OC136,싱가고객136,SGD,2025-04-30,2025-07-29,85404.71,85404.71,정상(미도래),87112804
AR1381,싱가포르법인,OC136,싱가고객136,SGD,2025-06-02,2025-07-17,62206.3,62206.3,정상(미도래),63450426
AR1382,싱가포르법인,OC136,싱가고객136,SGD,2025-02-21,2025-03-23,40742.9,40742.9,91-180일,41557758
AR1388,싱가포르법인,OC136,싱가고객136,SGD,2025-03-11,2025-05-10,83240.76,41620.38,31-60일,42452788
AR1395,독일법인,OC137,독일고객137,EUR,2025-05-26,2025-07-25,91118.74,91118.74,정상(미도래),136678110
AR1401,독일법인,OC137,독일고객137,EUR,2025-02-17,2025-04-03,98737.05,98737.05,61-90일,148105575
AR1403,베트남법인,OC138,베트고객138,VND,2025-03-23,2025-05-22,916706.0,458353.0,31-60일,25668
AR1404,베트남법인,OC138,베트고객138,VND,2025-02-24,2025-04-10,2547605.0,1273802.5,61-90일,71333
AR1407,베트남법인,OC138,베트고객138,VND,2025-01-29,2025-03-30,1434360.0,1434360.0,91-180일,80324
AR1410,베트남법인,OC138,베트고객138,VND,2025-04-29,2025-06-13,1307219.0,653609.5,1-30일,36602
AR1414,중국법인,OC139,중국고객139,CNY,2025-06-09,2025-09-07,706156.0,353078.0,정상(미도래),67084820
AR1416,중국법인,OC139,중국고객139,CNY,2025-03-08,2025-06-06,818217.0,818217.0,1-30일,155461230
AR1419,중국법인,OC139,중국고객139,CNY,2025-02-08,2025-04-09,2783647.0,1391823.5,61-90일,264446465
AR1422,싱가포르법인,OC140,싱가고객140,SGD,2025-01-04,2025-02-18,65299.25,65299.25,91-180일,66605235
AR1423,싱가포르법인,OC140,싱가고객140,SGD,2025-04-22,2025-06-21,101250.7,101250.7,1-30일,103275714
AR1426,싱가포르법인,OC140,싱가고객140,SGD,2025-05-02,2025-06-01,25811.03,25811.03,1-30일,26327251
AR1427,싱가포르법인,OC140,싱가고객140,SGD,2025-02-20,2025-03-22,101063.43,50531.71,91-180일,51542344
AR1431,싱가포르법인,OC140,싱가고객140,SGD,2025-04-17,2025-06-16,97703.21,97703.21,1-30일,99657274
AR1432,싱가포르법인,OC140,싱가고객140,SGD,2025-01-17,2025-03-18,60983.09,60983.09,91-180일,62202752
AR1437,베트남법인,OC141,베트고객141,VND,2025-06-25,2025-08-09,2336643.0,1168321.5,정상(미도래),65426
AR1439,베트남법인,OC141,베트고객141,VND,2025-04-17,2025-06-01,2911824.0,2911824.0,1-30일,163062
AR1448,미국법인,OC142,미국고객142,USD,2025-02-21,2025-04-22,76344.36,76344.36,61-90일,105355217
AR1451,미국법인,OC142,미국고객142,USD,2025-05-25,2025-06-24,51131.71,51131.71,1-30일,70561760
AR1454,미국법인,OC142,미국고객142,USD,2025-05-30,2025-08-28,21002.59,21002.59,정상(미도래),28983574
AR1459,독일법인,OC143,독일고객143,EUR,2025-01-01,2025-03-02,55312.28,55312.28,91-180일,82968420
AR1460,독일법인,OC143,독일고객143,EUR,2025-03-10,2025-04-09,23071.3,11535.65,61-90일,17303475
AR1464,독일법인,OC143,독일고객143,EUR,2025-06-24,2025-08-23,14587.59,7293.79,정상(미도래),10940685
AR1467,미국법인,OC144,미국고객144,USD,2025-04-13,2025-05-13,29125.46,29125.46,31-60일,40193135
AR1469,미국법인,OC144,미국고객144,USD,2025-04-07,2025-07-06,73522.7,36761.35,정상(미도래),50730663
AR1470,미국법인,OC144,미국고객144,USD,2025-02-10,2025-03-27,7562.69,7562.69,91-180일,10436512
AR1471,미국법인,OC144,미국고객144,USD,2025-05-20,2025-07-04,29093.15,14546.57,정상(미도래),20074267
AR1472,미국법인,OC144,미국고객144,USD,2025-01-16,2025-04-16,19997.1,9998.55,61-90일,13797999
AR1473,미국법인,OC144,미국고객144,USD,2025-01-10,2025-02-09,69848.88,34924.44,91-180일,48195727
AR1474,미국법인,OC144,미국고객144,USD,2025-03-29,2025-04-28,33130.55,16565.27,61-90일,22860073
AR1475,중국법인,OC145,중국고객145,CNY,2025-06-04,2025-07-19,2836257.0,2836257.0,정상(미도래),538888830
AR1477,중국법인,OC145,중국고객145,CNY,2025-03-19,2025-04-18,2780081.0,2780081.0,61-90일,528215390
AR1482,중국법인,OC145,중국고객145,CNY,2025-04-18,2025-06-17,1398733.0,1398733.0,1-30일,265759270
AR1486,미국법인,OC146,미국고객146,USD,2025-05-06,2025-06-20,17252.18,8626.09,1-30일,11904004
AR1492,미국법인,OC146,미국고객146,USD,2025-04-01,2025-06-30,115819.68,57909.84,1-30일,79915579
AR1493,미국법인,OC146,미국고객146,USD,2025-02-20,2025-04-06,53302.7,53302.7,61-90일,73557726
AR1494,미국법인,OC146,미국고객146,USD,2025-06-18,2025-09-16,110658.39,110658.39,정상(미도래),152708578
AR1495,미국법인,OC146,미국고객146,USD,2025-04-21,2025-05-21,25325.05,25325.05,31-60일,34948569
AR1499,독일법인,OC147,독일고객147,EUR,2025-04-09,2025-05-24,30823.85,30823.85,31-60일,46235775
AR1500,독일법인,OC147,독일고객147,EUR,2025-01-28,2025-03-29,71649.53,71649.53,91-180일,107474295
AR1511,중국법인,OC148,중국고객148,CNY,2025-06-17,2025-07-17,2106732.0,2106732.0,정상(미도래),400279080
AR1513,중국법인,OC148,중국고객148,CNY,2025-01-25,2025-04-25,2436242.0,1218121.0,61-90일,231442990
AR1517,중국법인,OC148,중국고객148,CNY,2025-02-09,2025-03-26,2561630.0,2561630.0,91-180일,486709700
AR1518,중국법인,OC148,중국고객148,CNY,2025-03-22,2025-04-21,1487057.0,743528.5,61-90일,141270415
AR1521,베트남법인,OC149,베트고객149,VND,2025-04-02,2025-05-02,157605.0,157605.0,31-60일,8826
AR1522,베트남법인,OC149,베트고객149,VND,2025-05-05,2025-07-04,2183272.0,2183272.0,정상(미도래),122263
AR1528,미국법인,OC150,미국고객150,USD,2025-03-03,2025-04-02,55877.28,27938.64,61-90일,38555323
AR1530,미국법인,OC150,미국고객150,USD,2025-03-25,2025-05-24,48277.79,24138.89,31-60일,33311668
AR1532,미국법인,OC150,미국고객150,USD,2025-02-07,2025-03-09,109863.23,54931.61,91-180일,75805622
AR1536,중국법인,OC151,중국고객151,CNY,2025-02-20,2025-05-21,1203391.0,601695.5,31-60일,114322145
AR1537,중국법인,OC151,중국고객151,CNY,2025-01-05,2025-03-06,2683485.0,2683485.0,91-180일,509862150
AR1540,중국법인,OC151,중국고객151,CNY,2025-04-02,2025-05-02,1688251.0,844125.5,31-60일,160383845
AR1544,중국법인,OC152,중국고객152,CNY,2025-02-01,2025-03-03,1388555.0,1388555.0,91-180일,263825450
AR1546,중국법인,OC152,중국고객152,CNY,2025-04-04,2025-05-19,897369.0,897369.0,31-60일,170500110
AR1547,중국법인,OC152,중국고객152,CNY,2025-05-04,2025-08-02,2611111.0,2611111.0,정상(미도래),496111090
AR1548,중국법인,OC152,중국고객152,CNY,2025-05-03,2025-08-01,161907.0,161907.0,정상(미도래),30762330
AR1549,중국법인,OC152,중국고객152,CNY,2025-04-20,2025-07-19,490914.0,245457.0,정상(미도래),46636830
AR1552,미국법인,OC153,미국고객153,USD,2025-01-25,2025-03-11,98678.94,98678.94,91-180일,136176937
AR1553,미국법인,OC153,미국고객153,USD,2025-02-27,2025-04-28,98187.9,98187.9,61-90일,135499302
AR1555,미국법인,OC153,미국고객153,USD,2025-04-01,2025-05-01,11937.08,5968.54,31-60일,8236585
AR1556,미국법인,OC153,미국고객153,USD,2025-05-27,2025-07-11,112792.28,112792.28,정상(미도래),155653346
AR1559,미국법인,OC154,미국고객154,USD,2025-04-22,2025-07-21,89603.07,89603.07,정상(미도래),123652237
AR1568,싱가포르법인,OC155,싱가고객155,SGD,2025-01-08,2025-02-07,84544.34,84544.34,91-180일,86235227
AR1569,싱가포르법인,OC155,싱가고객155,SGD,2025-03-21,2025-05-05,97303.92,97303.92,31-60일,99249998
AR1570,싱가포르법인,OC155,싱가고객155,SGD,2025-04-14,2025-05-29,76946.42,76946.42,31-60일,78485348
AR1578,독일법인,OC156,독일고객156,EUR,2025-04-15,2025-06-14,44428.7,44428.7,1-30일,66643050
AR1579,독일법인,OC156,독일고객156,EUR,2025-05-27,2025-08-25,96796.1,96796.1,정상(미도래),145194150
AR1581,독일법인,OC156,독일고객156,EUR,2025-03-26,2025-04-25,11356.17,5678.09,61-90일,8517135
AR1583,독일법인,OC157,독일고객157,EUR,2025-03-29,2025-04-28,40452.92,40452.92,61-90일,60679380
AR1590,싱가포르법인,OC158,싱가고객158,SGD,2025-04-24,2025-06-08,6287.0,6287.0,1-30일,6412740
AR1593,싱가포르법인,OC158,싱가고객158,SGD,2025-01-14,2025-04-14,106282.91,106282.91,61-90일,108408568
AR1596,싱가포르법인,OC158,싱가고객158,SGD,2025-06-23,2025-09-21,99886.23,49943.11,정상(미도래),50941972
AR1601,싱가포르법인,OC159,싱가고객159,SGD,2025-03-11,2025-04-25,109823.98,109823.98,61-90일,112020460
AR1605,싱가포르법인,OC159,싱가고객159,SGD,2025-01-13,2025-04-13,102088.58,102088.58,61-90일,104130352
AR1606,싱가포르법인,OC159,싱가고객159,SGD,2025-03-01,2025-05-30,106057.71,106057.71,31-60일,108178864
AR1611,중국법인,OC160,중국고객160,CNY,2025-06-29,2025-09-27,828871.0,828871.0,정상(미도래),157485490
AR1613,중국법인,OC160,중국고객160,CNY,2025-01-29,2025-02-28,1960568.0,1960568.0,91-180일,372507920
AR1616,중국법인,OC160,중국고객160,CNY,2025-04-01,2025-05-31,942900.0,942900.0,1-30일,179151000
AR1624,중국법인,OC161,중국고객161,CNY,2025-03-22,2025-05-21,478881.0,239440.5,31-60일,45493695
AR1625,중국법인,OC161,중국고객161,CNY,2025-05-25,2025-06-24,71016.0,35508.0,1-30일,6746520
AR1627,중국법인,OC161,중국고객161,CNY,2025-01-13,2025-02-12,1585305.0,792652.5,91-180일,150603975
AR1630,중국법인,OC161,중국고객161,CNY,2025-01-16,2025-03-02,832953.0,416476.5,91-180일,79130535
AR1632,중국법인,OC161,중국고객161,CNY,2025-05-14,2025-07-13,1511159.0,755579.5,정상(미도래),143560105
AR1633,중국법인,OC161,중국고객161,CNY,2025-01-28,2025-04-28,261034.0,261034.0,61-90일,49596460
AR1634,독일법인,OC162,독일고객162,EUR,2025-04-28,2025-07-27,70326.35,70326.35,정상(미도래),105489525
AR1635,독일법인,OC162,독일고객162,EUR,2025-04-05,2025-06-04,46427.71,46427.71,1-30일,69641565
AR1640,독일법인,OC162,독일고객162,EUR,2025-03-09,2025-04-08,30268.41,30268.41,61-90일,45402615
AR1645,중국법인,OC163,중국고객163,CNY,2025-05-20,2025-07-19,720654.0,360327.0,정상(미도래),68462130
AR1652,중국법인,OC163,중국고객163,CNY,2025-06-14,2025-07-29,912412.0,912412.0,정상(미도래),173358280
AR1653,중국법인,OC163,중국고객163,CNY,2025-04-14,2025-05-14,2586792.0,1293396.0,31-60일,245745240
AR1654,중국법인,OC163,중국고객163,CNY,2025-04-16,2025-05-31,1482989.0,741494.5,1-30일,140883955
AR1655,중국법인,OC163,중국고객163,CNY,2025-05-25,2025-07-24,749785.0,374892.5,정상(미도래),71229575
AR1659,베트남법인,OC164,베트고객164,VND,2025-02-25,2025-04-26,2711616.0,2711616.0,61-90일,151850
AR1660,베트남법인,OC164,베트고객164,VND,2025-05-01,2025-07-30,1876090.0,1876090.0,정상(미도래),105061
AR1661,베트남법인,OC164,베트고객164,VND,2025-03-31,2025-05-30,460554.0,460554.0,31-60일,25791
AR1662,베트남법인,OC164,베트고객164,VND,2025-03-25,2025-05-24,242421.0,242421.0,31-60일,13576
AR1668,베트남법인,OC164,베트고객164,VND,2025-02-24,2025-04-25,2723567.0,1361783.5,61-90일,76260
AR1671,중국법인,OC165,중국고객165,CNY,2025-06-19,2025-09-17,139556.0,139556.0,정상(미도래),26515640
AR1673,중국법인,OC165,중국고객165,CNY,2025-04-16,2025-05-31,717706.0,717706.0,1-30일,136364140
AR1675,중국법인,OC165,중국고객165,CNY,2025-02-07,2025-03-24,1182180.0,591090.0,91-180일,112307100
AR1677,중국법인,OC165,중국고객165,CNY,2025-03-09,2025-05-08,803670.0,401835.0,31-60일,76348650
AR1678,중국법인,OC165,중국고객165,CNY,2025-04-11,2025-05-11,897994.0,448997.0,31-60일,85309430
AR1679,중국법인,OC165,중국고객165,CNY,2025-01-10,2025-04-10,2875152.0,2875152.0,61-90일,546278880
AR1680,중국법인,OC165,중국고객165,CNY,2025-02-17,2025-04-03,1242854.0,621427.0,61-90일,118071130
AR1681,중국법인,OC165,중국고객165,CNY,2025-04-24,2025-05-24,1603216.0,801608.0,31-60일,152305520
AR1682,중국법인,OC165,중국고객165,CNY,2025-04-05,2025-06-04,2949385.0,2949385.0,1-30일,560383150
AR1685,베트남법인,OC166,베트고객166,VND,2025-01-13,2025-04-13,1350849.0,1350849.0,61-90일,75648
AR1686,베트남법인,OC166,베트고객166,VND,2025-03-22,2025-05-21,2478779.0,2478779.0,31-60일,138812
AR1689,베트남법인,OC166,베트고객166,VND,2025-05-19,2025-06-18,1526715.0,763357.5,1-30일,42748
AR1691,베트남법인,OC166,베트고객166,VND,2025-04-22,2025-06-21,509781.0,509781.0,1-30일,28548
AR1695,베트남법인,OC166,베트고객166,VND,2025-05-24,2025-07-23,1817060.0,908530.0,정상(미도래),50878
AR1696,중국법인,OC167,중국고객167,CNY,2025-02-05,2025-04-06,2121783.0,2121783.0,61-90일,403138770
AR1700,중국법인,OC167,중국고객167,CNY,2025-04-15,2025-06-14,1332440.0,666220.0,1-30일,126581800
AR1702,중국법인,OC167,중국고객167,CNY,2025-03-10,2025-05-09,2463938.0,2463938.0,31-60일,468148220
AR1703,중국법인,OC167,중국고객167,CNY,2025-03-03,2025-05-02,1917225.0,958612.5,31-60일,182136375
AR1704,싱가포르법인,OC168,싱가고객168,SGD,2025-06-12,2025-09-10,65704.08,65704.08,정상(미도래),67018162
AR1705,싱가포르법인,OC168,싱가고객168,SGD,2025-01-01,2025-03-02,51446.66,51446.66,91-180일,52475593
AR1710,싱가포르법인,OC168,싱가고객168,SGD,2025-02-02,2025-05-03,111900.7,111900.7,31-60일,114138714
AR1711,싱가포르법인,OC168,싱가고객168,SGD,2025-05-14,2025-06-28,43992.71,43992.71,1-30일,44872564
AR1712,싱가포르법인,OC168,싱가고객168,SGD,2025-01-18,2025-03-04,43289.24,21644.62,91-180일,22077512
AR1714,싱가포르법인,OC168,싱가고객168,SGD,2025-04-19,2025-06-18,19685.95,9842.97,1-30일,10039829
AR1717,미국법인,OC169,미국고객169,USD,2025-02-06,2025-05-07,37453.72,37453.72,31-60일,51686134
AR1718,미국법인,OC169,미국고객169,USD,2025-06-09,2025-08-08,24590.92,24590.92,정상(미도래),33935470
AR1720,미국법인,OC169,미국고객169,USD,2025-04-16,2025-05-31,30857.65,30857.65,1-30일,42583557
AR1725,베트남법인,OC170,베트고객170,VND,2025-03-15,2025-05-14,1296884.0,648442.0,31-60일,36313
AR1729,베트남법인,OC170,베트고객170,VND,2025-02-17,2025-04-03,2965055.0,1482527.5,61-90일,83022
AR1730,베트남법인,OC170,베트고객170,VND,2025-06-22,2025-08-21,2692512.0,2692512.0,정상(미도래),150781
AR1731,베트남법인,OC170,베트고객170,VND,2025-01-25,2025-04-25,87961.0,87961.0,61-90일,4926
AR1733,베트남법인,OC170,베트고객170,VND,2025-06-21,2025-08-20,442779.0,442779.0,정상(미도래),24796
AR1736,중국법인,OC171,중국고객171,CNY,2025-06-03,2025-07-03,111771.0,55885.5,정상(미도래),10618245
AR1737,중국법인,OC171,중국고객171,CNY,2025-04-19,2025-07-18,2191480.0,1095740.0,정상(미도래),208190600
AR1738,중국법인,OC171,중국고객171,CNY,2025-01-22,2025-04-22,1362422.0,681211.0,61-90일,129430090
AR1742,중국법인,OC171,중국고객171,CNY,2025-05-09,2025-07-08,2557167.0,2557167.0,정상(미도래),485861730
AR1743,중국법인,OC171,중국고객171,CNY,2025-05-08,2025-06-07,531108.0,265554.0,1-30일,50455260
AR1746,미국법인,OC172,미국고객172,USD,2025-05-04,2025-06-18,102386.64,51193.32,1-30일,70646782
AR1747,미국법인,OC172,미국고객172,USD,2025-06-27,2025-09-25,33905.49,33905.49,정상(미도래),46789576
AR1748,미국법인,OC172,미국고객172,USD,2025-01-14,2025-02-13,115190.76,115190.76,91-180일,158963249
AR1749,미국법인,OC172,미국고객172,USD,2025-02-09,2025-04-10,85452.98,85452.98,61-90일,117925112
AR1753,미국법인,OC172,미국고객172,USD,2025-04-20,2025-05-20,39941.45,19970.73,31-60일,27559607
AR1758,중국법인,OC173,중국고객173,CNY,2025-06-16,2025-09-14,2466408.0,1233204.0,정상(미도래),234308760
AR1760,중국법인,OC173,중국고객173,CNY,2025-03-05,2025-05-04,1288007.0,644003.5,31-60일,122360665
AR1762,중국법인,OC173,중국고객173,CNY,2025-01-03,2025-04-03,1742802.0,1742802.0,61-90일,331132380
AR1764,중국법인,OC173,중국고객173,CNY,2025-03-07,2025-06-05,1237158.0,1237158.0,1-30일,235060020
AR1765,중국법인,OC173,중국고객173,CNY,2025-04-28,2025-05-28,2200774.0,1100387.0,31-60일,209073530
AR1766,중국법인,OC173,중국고객173,CNY,2025-05-24,2025-08-22,1252141.0,1252141.0,정상(미도래),237906790
AR1768,중국법인,OC174,중국고객174,CNY,2025-03-20,2025-05-04,2416086.0,2416086.0,31-60일,459056340
AR1769,중국법인,OC174,중국고객174,CNY,2025-01-25,2025-04-25,2165059.0,1082529.5,61-90일,205680605
AR1775,베트남법인,OC175,베트고객175,VND,2025-06-26,2025-09-24,1377870.0,1377870.0,정상(미도래),77161
AR1781,베트남법인,OC175,베트고객175,VND,2025-03-19,2025-05-03,2039475.0,2039475.0,31-60일,114211
AR1782,베트남법인,OC175,베트고객175,VND,2025-03-04,2025-06-02,1799197.0,1799197.0,1-30일,100755
AR1785,베트남법인,OC175,베트고객175,VND,2025-01-27,2025-03-28,1773422.0,886711.0,91-180일,49656
AR1788,싱가포르법인,OC176,싱가고객176,SGD,2025-05-09,2025-07-08,89137.53,44568.77,정상(미도래),45460145
AR1790,싱가포르법인,OC176,싱가고객176,SGD,2025-03-16,2025-04-15,73490.91,36745.45,61-90일,37480359
AR1792,싱가포르법인,OC176,싱가고객176,SGD,2025-05-13,2025-07-12,57630.21,28815.11,정상(미도래),29391412
AR1798,독일법인,OC177,독일고객177,EUR,2025-03-16,2025-04-15,103623.81,51811.91,61-90일,77717865
AR1800,독일법인,OC177,독일고객177,EUR,2025-04-25,2025-06-09,44376.74,44376.74,1-30일,66565110
AR1802,독일법인,OC177,독일고객177,EUR,2025-02-04,2025-03-06,78307.82,78307.82,91-180일,117461730
AR1806,독일법인,OC177,독일고객177,EUR,2025-06-13,2025-07-13,85376.1,85376.1,정상(미도래),128064150
AR1814,베트남법인,OC178,베트고객178,VND,2025-03-17,2025-06-15,1307566.0,653783.0,1-30일,36612
AR1816,베트남법인,OC178,베트고객178,VND,2025-06-25,2025-08-09,1104581.0,552290.5,정상(미도래),30928
AR1818,베트남법인,OC178,베트고객178,VND,2025-02-22,2025-04-08,727703.0,727703.0,61-90일,40751
AR1821,베트남법인,OC179,베트고객179,VND,2025-03-10,2025-06-08,1169045.0,584522.5,1-30일,32733
AR1822,베트남법인,OC179,베트고객179,VND,2025-01-05,2025-02-19,1569254.0,1569254.0,91-180일,87878
AR1823,베트남법인,OC179,베트고객179,VND,2025-04-04,2025-05-19,1497130.0,748565.0,31-60일,41920
AR1825,베트남법인,OC179,베트고객179,VND,2025-02-03,2025-03-20,1653053.0,826526.5,91-180일,46285
AR1826,베트남법인,OC179,베트고객179,VND,2025-03-25,2025-05-09,2073616.0,1036808.0,31-60일,58061
AR1827,베트남법인,OC179,베트고객179,VND,2025-02-28,2025-05-29,2782344.0,2782344.0,31-60일,155811
AR1829,싱가포르법인,OC180,싱가고객180,SGD,2025-03-30,2025-04-29,25640.74,12820.37,61-90일,13076777
AR1830,싱가포르법인,OC180,싱가고객180,SGD,2025-05-21,2025-06-20,99801.76,49900.88,1-30일,50898898
AR1833,싱가포르법인,OC180,싱가고객180,SGD,2025-03-14,2025-06-12,22972.12,22972.12,1-30일,23431562
AR1839,베트남법인,OC181,베트고객181,VND,2025-01-19,2025-03-20,1594560.0,1594560.0,91-180일,89295
AR1843,베트남법인,OC181,베트고객181,VND,2025-03-05,2025-06-03,2923023.0,2923023.0,1-30일,163689
AR1845,중국법인,OC182,중국고객182,CNY,2025-04-03,2025-05-18,1157006.0,1157006.0,31-60일,219831140
AR1847,중국법인,OC182,중국고객182,CNY,2025-01-14,2025-02-13,1086048.0,1086048.0,91-180일,206349120
AR1848,중국법인,OC182,중국고객182,CNY,2025-06-23,2025-07-23,2028102.0,2028102.0,정상(미도래),385339380
AR1850,중국법인,OC182,중국고객182,CNY,2025-06-20,2025-07-20,1182947.0,591473.5,정상(미도래),112379965
AR1854,중국법인,OC182,중국고객182,CNY,2025-03-07,2025-06-05,826637.0,826637.0,1-30일,157061030
AR1857,중국법인,OC182,중국고객182,CNY,2025-05-18,2025-07-17,2984802.0,1492401.0,정상(미도래),283556190
AR1858,베트남법인,OC183,베트고객183,VND,2025-04-12,2025-06-11,2622906.0,2622906.0,1-30일,146883
AR1859,베트남법인,OC183,베트고객183,VND,2025-03-27,2025-05-11,2216452.0,1108226.0,31-60일,62061
AR1863,베트남법인,OC183,베트고객183,VND,2025-05-09,2025-06-08,2422295.0,1211147.5,1-30일,67824
AR1865,미국법인,OC184,미국고객184,USD,2025-06-10,2025-07-25,17468.28,8734.14,정상(미도래),12053113
AR1866,미국법인,OC184,미국고객184,USD,2025-05-20,2025-07-19,69944.84,69944.84,정상(미도래),96523879
AR1867,미국법인,OC184,미국고객184,USD,2025-03-14,2025-06-12,112380.63,56190.31,1-30일,77542628
AR1869,미국법인,OC184,미국고객184,USD,2025-06-04,2025-08-03,73398.63,36699.31,정상(미도래),50645048
AR1870,미국법인,OC184,미국고객184,USD,2025-05-17,2025-06-16,84537.48,84537.48,1-30일,116661722
AR1871,미국법인,OC184,미국고객184,USD,2025-06-18,2025-09-16,42742.76,42742.76,정상(미도래),58985009
AR1872,미국법인,OC184,미국고객184,USD,2025-05-08,2025-08-06,39896.86,19948.43,정상(미도래),27528833
AR1873,미국법인,OC184,미국고객184,USD,2025-02-03,2025-05-04,108747.92,108747.92,31-60일,150072130
AR1874,미국법인,OC184,미국고객184,USD,2025-02-19,2025-05-20,85491.84,42745.92,31-60일,58989370
AR1877,중국법인,OC185,중국고객185,CNY,2025-01-04,2025-04-04,1863987.0,1863987.0,61-90일,354157530
AR1879,중국법인,OC185,중국고객185,CNY,2025-04-22,2025-06-06,2591780.0,1295890.0,1-30일,246219100
AR1881,중국법인,OC185,중국고객185,CNY,2025-01-03,2025-03-04,2376371.0,2376371.0,91-180일,451510490
AR1883,중국법인,OC185,중국고객185,CNY,2025-03-12,2025-04-11,248874.0,248874.0,61-90일,47286060
AR1884,중국법인,OC185,중국고객185,CNY,2025-02-27,2025-05-28,556414.0,556414.0,31-60일,105718660
AR1885,중국법인,OC185,중국고객185,CNY,2025-01-15,2025-02-14,1700869.0,850434.5,91-180일,161582555
AR1891,독일법인,OC186,독일고객186,EUR,2025-04-14,2025-05-29,24504.56,24504.56,31-60일,36756840
AR1892,독일법인,OC186,독일고객186,EUR,2025-03-03,2025-05-02,75692.64,37846.32,31-60일,56769480
AR1897,독일법인,OC186,독일고객186,EUR,2025-05-03,2025-06-02,42410.81,42410.81,1-30일,63616215
AR1907,싱가포르법인,OC187,싱가고객187,SGD,2025-06-14,2025-07-14,5454.07,5454.07,정상(미도래),5563151
AR1909,싱가포르법인,OC187,싱가고객187,SGD,2025-01-11,2025-02-10,42127.84,42127.84,91-180일,42970397
AR1910,싱가포르법인,OC187,싱가고객187,SGD,2025-04-06,2025-05-06,67475.61,67475.61,31-60일,68825122
AR1911,싱가포르법인,OC187,싱가고객187,SGD,2025-04-06,2025-05-06,63614.24,31807.12,31-60일,32443262
AR1914,싱가포르법인,OC188,싱가고객188,SGD,2025-06-18,2025-07-18,109737.13,109737.13,정상(미도래),111931873
AR1915,싱가포르법인,OC188,싱가고객188,SGD,2025-05-16,2025-06-15,16649.74,8324.87,1-30일,8491367
AR1920,싱가포르법인,OC188,싱가고객188,SGD,2025-06-18,2025-08-02,34608.04,17304.02,정상(미도래),17650100
AR1922,싱가포르법인,OC189,싱가고객189,SGD,2025-03-03,2025-04-17,23870.62,23870.62,61-90일,24348032
AR1925,싱가포르법인,OC189,싱가고객189,SGD,2025-01-03,2025-02-17,104431.48,104431.48,91-180일,106520110
AR1938,독일법인,OC191,독일고객191,EUR,2025-04-23,2025-05-23,106186.5,106186.5,31-60일,159279750
AR1941,독일법인,OC191,독일고객191,EUR,2025-01-16,2025-04-16,5661.02,5661.02,61-90일,8491530
AR1943,독일법인,OC191,독일고객191,EUR,2025-01-23,2025-02-22,38920.86,19460.43,91-180일,29190645
AR1944,독일법인,OC191,독일고객191,EUR,2025-05-14,2025-06-28,70917.71,70917.71,1-30일,106376565
AR1945,독일법인,OC191,독일고객191,EUR,2025-05-01,2025-07-30,55728.24,27864.12,정상(미도래),41796180
AR1949,베트남법인,OC192,베트고객192,VND,2025-04-18,2025-06-02,191412.0,95706.0,1-30일,5360
AR1952,베트남법인,OC192,베트고객192,VND,2025-01-27,2025-02-26,1076245.0,1076245.0,91-180일,60270
AR1953,베트남법인,OC192,베트고객192,VND,2025-05-22,2025-07-06,690714.0,345357.0,정상(미도래),19340
AR1959,독일법인,OC193,독일고객193,EUR,2025-05-23,2025-07-22,86354.66,86354.66,정상(미도래),129531990
AR1960,독일법인,OC193,독일고객193,EUR,2025-05-16,2025-07-15,51929.72,25964.86,정상(미도래),38947290
AR1961,독일법인,OC193,독일고객193,EUR,2025-02-27,2025-03-29,22384.15,22384.15,91-180일,33576225
AR1963,독일법인,OC193,독일고객193,EUR,2025-03-18,2025-06-16,57676.91,57676.91,1-30일,86515365
AR1968,독일법인,OC193,독일고객193,EUR,2025-05-23,2025-06-22,71065.4,71065.4,1-30일,106598100
AR1970,독일법인,OC193,독일고객193,EUR,2025-05-23,2025-07-22,117053.96,117053.96,정상(미도래),175580940
AR1973,미국법인,OC194,미국고객194,USD,2025-05-21,2025-07-05,62178.27,62178.27,정상(미도래),85806013
AR1974,미국법인,OC194,미국고객194,USD,2025-02-06,2025-03-23,24922.31,12461.15,91-180일,17196387
AR1986,중국법인,OC195,중국고객195,CNY,2025-04-07,2025-05-07,1446017.0,723008.5,31-60일,137371615
AR1992,독일법인,OC196,독일고객196,EUR,2025-05-24,2025-06-23,41691.24,41691.24,1-30일,62536860
AR1994,독일법인,OC196,독일고객196,EUR,2025-02-06,2025-03-08,93378.14,93378.14,91-180일,140067210
AR1995,중국법인,OC197,중국고객197,CNY,2025-05-14,2025-07-13,1616088.0,1616088.0,정상(미도래),307056720
AR1996,중국법인,OC197,중국고객197,CNY,2025-06-28,2025-08-27,397641.0,198820.5,정상(미도래),37775895
AR2002,중국법인,OC197,중국고객197,CNY,2025-04-08,2025-05-23,2926307.0,1463153.5,31-60일,277999165
AR2003,중국법인,OC197,중국고객197,CNY,2025-01-10,2025-03-11,2396105.0,2396105.0,91-180일,455259950
AR2008,싱가포르법인,OC198,싱가고객198,SGD,2025-04-02,2025-07-01,38771.86,19385.93,정상(미도래),19773649
AR2011,싱가포르법인,OC198,싱가고객198,SGD,2025-04-28,2025-06-12,11799.32,11799.32,1-30일,12035306
AR2014,싱가포르법인,OC198,싱가고객198,SGD,2025-01-16,2025-03-17,62054.76,31027.38,91-180일,31647928
AR2017,중국법인,OC199,중국고객199,CNY,2025-03-30,2025-06-28,1722506.0,1722506.0,1-30일,327276140
AR2019,중국법인,OC199,중국고객199,CNY,2025-01-28,2025-03-29,1506945.0,1506945.0,91-180일,286319550
AR2020,중국법인,OC199,중국고객199,CNY,2025-03-07,2025-04-06,124432.0,62216.0,61-90일,11821040
AR2021,중국법인,OC199,중국고객199,CNY,2025-04-21,2025-07-20,304553.0,152276.5,정상(미도래),28932535
AR2024,중국법인,OC199,중국고객199,CNY,2025-02-20,2025-03-22,225982.0,112991.0,91-180일,21468290
AR2025,중국법인,OC199,중국고객199,CNY,2025-04-25,2025-06-09,873249.0,873249.0,1-30일,165917310
AR2026,중국법인,OC199,중국고객199,CNY,2025-03-03,2025-06-01,1738103.0,1738103.0,1-30일,330239570
AR2027,중국법인,OC199,중국고객199,CNY,2025-05-08,2025-06-07,2029585.0,2029585.0,1-30일,385621150
AR2033,중국법인,OC200,중국고객200,CNY,2025-03-20,2025-05-19,824999.0,412499.5,31-60일,78374905
AR2034,중국법인,OC200,중국고객200,CNY,2025-02-18,2025-04-19,2823806.0,2823806.0,61-90일,536523140
AR2038,중국법인,OC200,중국고객200,CNY,2025-03-28,2025-05-27,1150926.0,1150926.0,31-60일,218675940
AR2040,중국법인,OC200,중국고객200,CNY,2025-03-16,2025-04-15,1755374.0,1755374.0,61-90일,333521060
AR2041,중국법인,OC200,중국고객200,CNY,2025-01-24,2025-02-23,1429784.0,1429784.0,91-180일,271658960
AR2043,중국법인,OC200,중국고객200,CNY,2025-01-29,2025-02-28,412835.0,206417.5,91-180일,39219325
